bitcoin_price,bitcoin_volume,bitcoin_marketcap,ethereum_price,ethereum_volume,ethereum_marketcap,litecoin_price,litecoin_volume,litecoin_marketcap,ripple_price,ripple_volume,ripple_marketcap,stratis_price,stratis_volume,stratis_marketcap,waves_price,waves_volume,waves_marketcap,nem_price,nem_volume,nem_marketcap,omisego_price,omisego_volume,omisego_marketcap,monero_price,monero_volume,monero_marketcap,neo_price,neo_volume,neo_marketcap
726.7000000000007,9926540000.0,189536000000.0,72.30999999999995,2545260000.0,92206500000.0,31.390000000000015,1739670000.0,12335100000.0,0.08999999999999986,806673000.0,44648100000.0,1.1500000000000004,21055000.0,978923000.0,0.5499999999999998,46087500.0,810038000.0,0.048034999999999994,66039700.0,4762190000.0,2.4899999999999984,109202000.0,1808000000.0,17.939999999999998,71114700.0,4989710000.0,14.149999999999991,239238000.0,8966490000.0
760.5999999999985,7652090000.0,178055000000.0,36.23000000000002,2169020000.0,90047700000.0,11.590000000000003,767597000.0,11907900000.0,0.04999999999999982,556304000.0,43813300000.0,1.08,22415800.0,914001000.0,0.71,37813100.0,753733000.0,0.01889300000000005,91007400.0,4760950000.0,2.0500000000000007,54814700.0,1682870000.0,22.08000000000004,67482400.0,4716460000.0,11.820000000000007,201551000.0,8270290000.0
1023.7999999999993,8744010000.0,187663000000.0,67.4799999999999,2567290000.0,95077100000.0,18.17999999999998,1011120000.0,12738800000.0,0.11999999999999988,1113650000.0,46997500000.0,0.9599999999999991,14139400.0,963499000.0,0.96,40081300.0,784044000.0,0.06769900000000006,95781300.0,5357680000.0,2.0599999999999987,42287800.0,1869770000.0,33.349999999999966,68135100.0,5128420000.0,13.629999999999995,207624000.0,8866100000.0
990.1000000000004,8660880000.0,172191000000.0,35.85000000000002,2525720000.0,92264000000.0,7.849999999999994,863401000.0,12679700000.0,0.09000000000000008,1186730000.0,44370200000.0,0.5299999999999994,19415600.0,940978000.0,0.33000000000000007,34458200.0,788332000.0,0.04274800000000001,147788000.0,5091170000.0,0.9499999999999993,59295600.0,1853770000.0,41.579999999999984,134269000.0,4655820000.0,10.380000000000024,286385000.0,8516620000.0
499.28000000000065,7296160000.0,170960000000.0,32.14999999999998,2369450000.0,91272100000.0,23.75999999999999,1300090000.0,12455300000.0,0.039999999999999813,568339000.0,44663300000.0,0.7899999999999991,14430300.0,938100000.0,0.8699999999999992,44143700.0,800093000.0,0.04974400000000001,90028500.0,5040780000.0,2.1999999999999993,81337500.0,1701370000.0,21.879999999999995,64320200.0,4733640000.0,10.680000000000007,194878000.0,7996380000.0
839.2199999999993,9062540000.0,160025000000.0,40.84000000000003,2900100000.0,90173300000.0,26.710000000000008,2087290000.0,11725700000.0,0.04999999999999982,1188530000.0,44433600000.0,0.6799999999999997,23848900.0,914277000.0,1.6900000000000004,61670200.0,641992000.0,0.04476599999999997,67295600.0,5121400000.0,1.7200000000000006,54142700.0,1594790000.0,35.45999999999998,85772700.0,4340620000.0,6.969999999999999,218616000.0,7930300000.0
918.6200000000008,7909820000.0,145023000000.0,82.14999999999998,2818370000.0,82400600000.0,58.64999999999998,2383340000.0,8809590000.0,0.1499999999999999,1457600000.0,40026500000.0,1.83,47682600.0,780623000.0,0.8600000000000003,20068500.0,558952000.0,0.04192699999999994,73477500.0,4787280000.0,2.75,91650800.0,1323570000.0,42.32000000000002,116137000.0,3683460000.0,12.170000000000002,228693000.0,7206140000.0
503.0599999999995,5696720000.0,150516000000.0,41.870000000000005,2081170000.0,84824200000.0,8.860000000000014,483468000.0,8928360000.0,0.07000000000000006,921100000.0,42119800000.0,0.6900000000000004,17510200.0,782976000.0,0.35999999999999943,17030400.0,574298000.0,0.04092499999999999,36379100.0,5041770000.0,0.75,23326000.0,1314360000.0,18.849999999999994,46476400.0,3897150000.0,6.290000000000006,176966000.0,7386420000.0
844.4899999999998,6256440000.0,137258000000.0,58.430000000000064,2243450000.0,79754400000.0,13.25,535710000.0,8282050000.0,0.10000000000000009,1756290000.0,39262700000.0,0.9500000000000002,10176500.0,694445000.0,0.39999999999999947,20167600.0,548602000.0,0.030569999999999986,22479700.0,4789980000.0,1.0700000000000003,24588600.0,1219240000.0,21.539999999999992,45760100.0,3611420000.0,11.669999999999987,272089000.0,6771600000.0
685.0299999999988,6122190000.0,145245000000.0,71.06999999999994,2486650000.0,83813000000.0,13.119999999999976,495720000.0,8571530000.0,0.15023300000000006,2555310000.0,41635500000.0,1.2299999999999995,9233680.0,774245000.0,0.71,21599600.0,571865000.0,0.07487599999999994,28515100.0,5308410000.0,1.6099999999999994,29981600.0,1279750000.0,30.210000000000008,51680100.0,3917970000.0,16.409999999999997,257944000.0,7179000000.0
827.0799999999999,7780960000.0,146981000000.0,91.81999999999994,2930530000.0,86055600000.0,20.190000000000026,576328000.0,9015890000.0,0.352749,4682010000.0,36951500000.0,1.669999999999999,20070700.0,815645000.0,0.8500000000000005,29552400.0,606151000.0,0.08738999999999997,74166200.0,5385460000.0,1.950000000000001,43385500.0,1346830000.0,27.909999999999997,76435300.0,4092070000.0,17.86,355323000.0,7618880000.0
852.2699999999995,6784820000.0,139412000000.0,95.16999999999996,2495820000.0,79799300000.0,21.389999999999986,722205000.0,8254980000.0,0.18288800000000005,1690340000.0,31095800000.0,1.2700000000000005,12699200.0,721390000.0,0.79,24332800.0,559784000.0,0.0731139999999999,60340000.0,4898410000.0,1.6500000000000004,41973800.0,1246080000.0,27.399999999999977,77557200.0,3890810000.0,8.810000000000002,212450000.0,7279310000.0
920.9100000000008,9346750000.0,128714000000.0,89.25,3708190000.0,73676900000.0,12.740000000000009,869207000.0,7624630000.0,0.08435899999999996,947315000.0,28447500000.0,0.9400000000000004,12229100.0,634084000.0,1.08,31567200.0,492456000.0,0.06899999999999995,42640900.0,4826200000.0,1.379999999999999,31563700.0,1110480000.0,45.34,81312200.0,3261220000.0,12.939999999999998,546733000.0,6763560000.0
1272.3200000000006,9169280000.0,130683000000.0,127.7700000000001,3896180000.0,77032000000.0,26.379999999999995,817808000.0,7851100000.0,0.09852800000000006,1133370000.0,30215600000.0,1.38,13130400.0,674637000.0,1.0700000000000003,16135000.0,501033000.0,0.09505500000000011,59231300.0,5239020000.0,2.380000000000001,36639600.0,1155150000.0,39.389999999999986,64730900.0,3306780000.0,23.560000000000002,571724000.0,6833700000.0
1802.4399999999996,13999800000.0,118810000000.0,222.0200000000001,6518270000.0,68958700000.0,39.170000000000016,1148410000.0,7024630000.0,0.19764400000000004,2361140000.0,27506200000.0,2.37,17572200.0,600848000.0,1.4900000000000002,20248500.0,453888000.0,0.18683900000000003,50311400.0,4103650000.0,4.000000000000001,56968000.0,949742000.0,64.05000000000001,100344000.0,2837430000.0,44.33,659946000.0,5464510000.0
1608.1599999999999,9285290000.0,139325000000.0,212.04999999999995,4269530000.0,81337400000.0,35.370000000000005,844678000.0,8190580000.0,0.15803899999999993,1286180000.0,32219400000.0,2.5200000000000005,14262200.0,783473000.0,1.5899999999999999,22395200.0,571019000.0,0.11942300000000006,28590400.0,4940820000.0,3.9299999999999997,45236500.0,1216630000.0,54.60000000000002,77454500.0,3435450000.0,33.22,312096000.0,6992380000.0
1303.6500000000005,7073550000.0,154553000000.0,163.97000000000003,2997090000.0,93953400000.0,34.110000000000014,1006080000.0,8829970000.0,0.156126,1190960000.0,35631700000.0,2.3599999999999994,14448100.0,953494000.0,1.1799999999999997,25765100.0,663752000.0,0.12881199999999993,41394700.0,5645440000.0,2.4399999999999995,36225800.0,1437590000.0,42.599999999999994,48981700.0,3951030000.0,21.980000000000004,203674000.0,7943970000.0
1179.1200000000008,7263790000.0,149085000000.0,144.25,3243480000.0,89507600000.0,44.39,687676000.0,7232410000.0,0.2131639999999999,1988960000.0,34795900000.0,1.8499999999999996,11740300.0,928058000.0,1.1099999999999994,23023200.0,621154000.0,0.13992499999999997,42520900.0,5260800000.0,2.1000000000000014,31593400.0,1362480000.0,41.380000000000024,55887100.0,3707610000.0,20.370000000000005,255707000.0,7867210000.0
1345.7900000000009,12726900000.0,153953000000.0,277.78999999999996,6713290000.0,100836000000.0,37.21000000000001,815540000.0,7844710000.0,0.325457,3529760000.0,37473900000.0,2.9399999999999995,25720900.0,996957000.0,1.3000000000000007,26726300.0,664536000.0,0.18079700000000004,54511900.0,5522750000.0,3.4300000000000015,62454300.0,1425460000.0,64.33000000000001,122696000.0,3774700000.0,37.230000000000004,552639000.0,8166710000.0
1476.5199999999986,9959400000.0,172372000000.0,176.52999999999986,5261680000.0,108952000000.0,34.25999999999999,539880000.0,9004330000.0,0.22962199999999988,1410420000.0,44971500000.0,3.369999999999999,23587600.0,1220310000.0,1.4400000000000004,27774000.0,769864000.0,0.1900989999999999,46639300.0,7123980000.0,2.6999999999999993,60157800.0,1617380000.0,51.389999999999986,73082700.0,4291340000.0,31.89,356495000.0,9487200000.0
604.1800000000003,8041160000.0,170183000000.0,94.16000000000008,3757560000.0,104231000000.0,9.419999999999987,363293000.0,9090870000.0,0.1499999999999999,1264030000.0,43800800000.0,1.6600000000000001,25649400.0,1183220000.0,0.6899999999999995,27535700.0,762709000.0,0.0500020000000001,50105100.0,7071080000.0,1.6899999999999995,71504300.0,1520480000.0,18.74000000000001,67649500.0,4306290000.0,14.860000000000014,357309000.0,9451090000.0
1271.0,8637860000.0,190339000000.0,125.66000000000008,4107860000.0,115207000000.0,18.49000000000001,433227000.0,9976170000.0,0.20000000000000018,1134640000.0,51452400000.0,3.1099999999999994,25695100.0,1467940000.0,1.2599999999999998,29051000.0,870974000.0,0.15961499999999995,47194000.0,8421590000.0,3.1899999999999995,96893300.0,1723530000.0,49.329999999999984,93182600.0,4970190000.0,33.620000000000005,670295000.0,10976100000.0
696.3999999999996,7107360000.0,197871000000.0,87.62000000000012,3715080000.0,121269000000.0,15.159999999999997,303561000.0,10649800000.0,0.10999999999999988,1073680000.0,54204300000.0,1.17,29743800.0,1443430000.0,0.7600000000000016,33554900.0,918718000.0,0.106371,47381700.0,9253430000.0,1.3100000000000023,46635600.0,1750090000.0,22.639999999999986,55323000.0,5194670000.0,16.67999999999998,602514000.0,9885260000.0
565.0,8350360000.0,193133000000.0,145.99,5372330000.0,108122000000.0,13.26000000000002,363515000.0,9969420000.0,0.21999999999999997,1327360000.0,47412500000.0,0.9499999999999993,34283400.0,1426250000.0,0.5099999999999998,34527300.0,916626000.0,0.050000000000000044,83612400.0,9506630000.0,1.5199999999999996,83798900.0,1638530000.0,14.200000000000045,75700900.0,5055340000.0,13.240000000000009,246175000.0,9124100000.0
625.6999999999989,7583270000.0,188054000000.0,79.86000000000013,3002870000.0,102651000000.0,8.27000000000001,291633000.0,9705020000.0,0.050000000000000044,689101000.0,47180200000.0,2.210000000000001,117059000.0,1329110000.0,0.6000000000000014,39528900.0,894906000.0,0.29280800000000007,237529000.0,7589110000.0,0.9800000000000004,99130000.0,1693910000.0,22.389999999999986,66614100.0,5090880000.0,7.719999999999999,207868000.0,8979150000.0
1186.4000000000015,9746200000.0,189398000000.0,83.81999999999994,3617690000.0,102334000000.0,15.809999999999974,375477000.0,9875590000.0,0.19000000000000017,2037570000.0,50706400000.0,2.91,55387300.0,1247740000.0,1.0399999999999991,34796200.0,903952000.0,0.25439100000000003,174749000.0,8504380000.0,3.6499999999999986,145709000.0,1829140000.0,36.299999999999955,91052800.0,4953260000.0,14.599999999999994,324067000.0,8953600000.0
728.3000000000011,8873170000.0,192163000000.0,69.92000000000007,4050190000.0,103335000000.0,9.069999999999993,363138000.0,9968750000.0,0.08999999999999986,986068000.0,52811100000.0,1.0300000000000011,18111100.0,1267800000.0,0.5099999999999998,38346500.0,891993000.0,0.07516900000000004,57845600.0,8760480000.0,2.4499999999999993,79337500.0,1841760000.0,21.410000000000025,76537300.0,5039370000.0,12.359999999999985,315010000.0,8976150000.0
861.6000000000004,9940990000.0,183419000000.0,96.63000000000011,3944040000.0,95952700000.0,12.560000000000002,375949000.0,9793780000.0,0.10999999999999988,1853440000.0,52380100000.0,1.08,23016500.0,1221140000.0,0.9699999999999998,45927300.0,819666000.0,0.0878279999999999,57975100.0,8524940000.0,3.0199999999999996,72241700.0,1637570000.0,23.730000000000018,92263600.0,4830950000.0,25.97,433360000.0,7966980000.0
1247.8999999999996,9660610000.0,184087000000.0,102.69000000000005,3556700000.0,97554300000.0,20.580000000000013,441765000.0,9892990000.0,0.22999999999999998,2977080000.0,52421300000.0,2.3299999999999983,39676300.0,1140180000.0,0.8399999999999999,37418900.0,828237000.0,0.13256299999999988,67245800.0,8883820000.0,2.3200000000000003,58931400.0,1597700000.0,36.079999999999984,116898000.0,4929480000.0,19.53,263389000.0,8018770000.0
1726.199999999999,10537400000.0,195645000000.0,158.3599999999999,3810100000.0,102504000000.0,28.370000000000005,494091000.0,10521900000.0,0.27,2642510000.0,53909800000.0,3.210000000000001,32543500.0,1325880000.0,1.0600000000000005,30657000.0,838233000.0,0.20007300000000006,73947400.0,9700910000.0,3.74,70101200.0,1748670000.0,67.25,116893000.0,5453550000.0,25.400000000000006,346611000.0,8599480000.0
1607.699999999999,9935180000.0,216740000000.0,134.18000000000006,3378090000.0,112226000000.0,26.600000000000023,463516000.0,11585700000.0,0.24,2840750000.0,61061900000.0,3.2399999999999984,34303600.0,1584850000.0,1.6600000000000001,36459600.0,964861000.0,0.19999999999999996,112542000.0,11019300000.0,3.3299999999999983,55861100.0,2013840000.0,53.10000000000002,126395000.0,6008720000.0,24.029999999999987,346048000.0,9764800000.0
1446.7999999999993,11801700000.0,195979000000.0,122.15999999999985,3975190000.0,101451000000.0,20.210000000000008,540786000.0,10658300000.0,0.1299999999999999,2346450000.0,60543000000.0,1.4900000000000002,56670600.0,1478350000.0,0.9399999999999995,51892200.0,888259000.0,0.10999999999999988,129900000.0,9901720000.0,1.3200000000000003,89103800.0,1901100000.0,44.72000000000003,240595000.0,5743450000.0,18.539999999999992,501671000.0,9132020000.0
820.6999999999989,10740400000.0,192150000000.0,89.50999999999999,4084450000.0,99863900000.0,15.129999999999995,560284000.0,10480800000.0,0.19999999999999996,3697430000.0,61291900000.0,2.0299999999999994,36179600.0,1422830000.0,1.17,45279300.0,850897000.0,0.1499999999999999,130817000.0,9645220000.0,1.860000000000003,72477800.0,1798360000.0,58.41999999999996,199852000.0,4906340000.0,17.180000000000007,494800000.0,9181130000.0
1164.7999999999993,15020400000.0,188242000000.0,132.54999999999995,5938320000.0,98642100000.0,30.189999999999998,936784000.0,10245500000.0,0.47,9110440000.0,50577100000.0,2.6899999999999995,45599200.0,1464610000.0,2.1000000000000005,35228000.0,847572000.0,0.21276699999999993,119459000.0,9234340000.0,2.289999999999999,87971600.0,1860280000.0,43.75999999999999,152851000.0,5005990000.0,29.640000000000015,838634000.0,9269200000.0
2275.709999999999,18830600000.0,192123000000.0,309.31000000000006,8545160000.0,102974000000.0,56.78,1422490000.0,10417800000.0,0.48220299999999994,7251210000.0,45854700000.0,4.970000000000001,55399600.0,1473570000.0,2.1500000000000004,86632300.0,835624000.0,0.397803,166003000.0,8788260000.0,6.5,114904000.0,1765470000.0,91.75999999999999,192937000.0,4978850000.0,59.72,1587920000.0,9407150000.0
3648.2000000000007,18853800000.0,232517000000.0,417.09000000000015,8405140000.0,125389000000.0,80.53,1405070000.0,12752100000.0,0.790687,5687960000.0,65018400000.0,8.980000000000002,82425800.0,2058280000.0,3.84,42325600.0,1083460000.0,0.6674449999999998,198199000.0,12460300000.0,8.59,132224000.0,2296440000.0,157.79000000000002,283036000.0,6491450000.0,83.67999999999999,1664430000.0,12217900000.0
803.7999999999993,12750800000.0,231334000000.0,99.99000000000001,4781100000.0,132404000000.0,12.22999999999999,601770000.0,12993700000.0,0.22999999999999998,1838460000.0,71909400000.0,2.870000000000001,136719000.0,1941050000.0,0.7700000000000014,47209300.0,1102430000.0,0.13000000000000012,105495000.0,12488300000.0,2.16,91802400.0,2418190000.0,51.96999999999997,264782000.0,6179110000.0,49.44999999999999,1455620000.0,11056500000.0
1243.7999999999993,11084100000.0,241447000000.0,114.34999999999991,4841630000.0,135503000000.0,36.58000000000001,886415000.0,14265000000.0,0.20999999999999996,1978200000.0,78195800000.0,2.539999999999999,29952500.0,1967980000.0,1.3599999999999994,46611100.0,1184520000.0,0.16999999999999993,38628400.0,13590300000.0,3.5700000000000003,74017300.0,2624620000.0,59.69999999999999,180678000.0,6556930000.0,40.910000000000025,648694000.0,9136460000.0
707.1000000000004,12763600000.0,234391000000.0,162.41000000000008,5746760000.0,123163000000.0,26.310000000000002,961043000.0,12964300000.0,0.14000000000000012,2130170000.0,79469700000.0,1.8200000000000003,29031000.0,1838120000.0,0.8200000000000003,42000200.0,1134720000.0,0.1200000000000001,60099500.0,13127300000.0,3.41,120921000.0,2329570000.0,40.31,248705000.0,6129540000.0,22.359999999999985,455703000.0,8069500000.0
1071.7999999999993,12065700000.0,225986000000.0,175.95000000000005,5222300000.0,112263000000.0,18.77000000000001,691160000.0,12572900000.0,0.29000000000000004,3330810000.0,75172500000.0,4.42,39309600.0,1596910000.0,1.299999999999999,43342800.0,1078330000.0,0.18999999999999995,65119100.0,11824500000.0,2.3299999999999983,83835500.0,2214090000.0,47.45999999999998,158189000.0,5591320000.0,21.299999999999997,234757000.0,7097050000.0
1912.8999999999996,16534100000.0,251387000000.0,202.12999999999988,7235900000.0,122879000000.0,32.05000000000001,1079390000.0,13758400000.0,0.6299999999999999,6296120000.0,76711800000.0,4.579999999999998,41010200.0,1901060000.0,2.67,46240500.0,1265240000.0,0.32000000000000006,93279400.0,13043500000.0,4.48,122602000.0,2393480000.0,69.20999999999998,187722000.0,6329790000.0,21.67,270718000.0,8001780000.0
1282.0999999999985,18500800000.0,244981000000.0,190.7800000000002,9214950000.0,125976000000.0,17.189999999999998,1009910000.0,13566300000.0,0.4600000000000002,4833640000.0,82511000000.0,2.4499999999999993,38332900.0,1909330000.0,1.629999999999999,62348700.0,1303830000.0,0.24,92956100.0,13913900000.0,3.5,137934000.0,2591750000.0,48.54000000000002,265152000.0,6439820000.0,16.210000000000008,361797000.0,8270280000.0
1073.5,16660000000.0,253935000000.0,175.49,7965460000.0,110999000000.0,18.319999999999993,940825000.0,13920200000.0,0.5499999999999998,3694700000.0,94657500000.0,3.1000000000000014,66024900.0,2164950000.0,1.5599999999999987,62959200.0,1353300000.0,0.25,75343700.0,15047200000.0,3.1899999999999977,191509000.0,2432850000.0,49.08000000000004,522438000.0,6289410000.0,28.03,529663000.0,6634310000.0
2329.7000000000007,18413900000.0,276612000000.0,250.8800000000001,8450970000.0,112164000000.0,51.41,1182080000.0,15726800000.0,1.29,3315260000.0,130302000000.0,5.629999999999999,167018000.0,1680520000.0,2.16,72190300.0,1284770000.0,0.3800000000000001,81479000.0,16454000000.0,7.66,382895000.0,2489290000.0,112.15999999999997,220924000.0,7139010000.0,17.919999999999987,231395000.0,6638000000.0
1491.8999999999978,15866000000.0,294222000000.0,110.16000000000008,5569880000.0,100981000000.0,23.599999999999966,1055400000.0,16178100000.0,0.41000000000000014,2395150000.0,119819000000.0,1.9499999999999993,39299000.0,1586140000.0,1.2599999999999998,56240800.0,1287400000.0,0.28,123173000.0,14898800000.0,5.129999999999999,250609000.0,1970170000.0,42.44999999999999,262443000.0,7103000000.0,9.319999999999993,196621000.0,6572870000.0
947.8000000000029,18314600000.0,293091000000.0,66.09000000000003,4662220000.0,96326500000.0,73.71000000000001,2264740000.0,13645300000.0,0.25,2777560000.0,117033000000.0,2.0,40643800.0,1490410000.0,1.6300000000000008,59738700.0,1201900000.0,0.24,99451000.0,14216700000.0,1.6400000000000006,99421600.0,1908510000.0,72.56,235391000.0,5999260000.0,11.22999999999999,187746000.0,6195060000.0
2502.4000000000015,23840900000.0,259748000000.0,119.06000000000006,6683150000.0,94423900000.0,18.269999999999982,1710600000.0,13164800000.0,0.73,6288500000.0,127870000000.0,1.7899999999999991,58967300.0,1578710000.0,1.4800000000000004,65668300.0,1245140000.0,0.30000000000000004,175192000.0,15195600000.0,2.2799999999999976,138393000.0,2021050000.0,33.150000000000034,182618000.0,6262550000.0,16.659999999999997,292933000.0,6429220000.0
1217.5,21783200000.0,256250000000.0,98.9899999999999,6502860000.0,93049400000.0,18.460000000000008,3481550000.0,13403400000.0,0.7199999999999998,8103660000.0,120763000000.0,2.089999999999998,58863100.0,1662060000.0,1.2300000000000004,65343400.0,1306410000.0,0.5499999999999998,332371000.0,16520300000.0,2.3100000000000023,150260000.0,2101860000.0,36.18000000000001,166108000.0,6448110000.0,12.960000000000008,332546000.0,6811420000.0
728.2999999999993,16871900000.0,251312000000.0,106.01999999999998,5093160000.0,85703500000.0,17.610000000000014,3215280000.0,13957800000.0,0.8399999999999999,6635880000.0,95457200000.0,2.5500000000000007,50176600.0,1587680000.0,1.1799999999999997,53810900.0,1331820000.0,0.6500000000000001,265016000.0,10333700000.0,1.9100000000000001,139039000.0,2055970000.0,39.39999999999998,180190000.0,5953920000.0,18.67,288086000.0,5869250000.0
2281.0,16846600000.0,228579000000.0,142.48000000000002,5783350000.0,74695700000.0,34.639999999999986,1237950000.0,12496900000.0,0.2400000000000002,3171010000.0,91791800000.0,2.219999999999999,63791100.0,1562840000.0,1.0500000000000007,61136300.0,1253640000.0,0.16999999999999993,108186000.0,9374970000.0,3.509999999999998,229553000.0,1973980000.0,28.730000000000018,224769000.0,5582210000.0,18.480000000000004,373377000.0,5104180000.0
957.5,10291200000.0,236725000000.0,40.52999999999997,2595760000.0,73075800000.0,14.430000000000007,633142000.0,12639700000.0,0.2400000000000002,1894230000.0,88945900000.0,3.25,75643600.0,1388100000.0,0.9299999999999997,43302300.0,1262600000.0,0.08000000000000007,58202800.0,9315310000.0,2.7399999999999984,166860000.0,1999550000.0,26.810000000000002,110244000.0,5434340000.0,7.969999999999999,142094000.0,4952450000.0
1621.7999999999993,12136300000.0,216326000000.0,50.23000000000002,2554270000.0,68850800000.0,23.97999999999999,771042000.0,11835100000.0,0.52,4642080000.0,81162600000.0,1.67,27243700.0,1269020000.0,1.2600000000000016,50113900.0,1169780000.0,0.17051100000000008,69870100.0,8256740000.0,6.149999999999999,349531000.0,1634170000.0,29.359999999999957,101667000.0,5113910000.0,10.320000000000007,181357000.0,4716090000.0
2331.7999999999993,14452600000.0,246224000000.0,68.59000000000003,3187780000.0,72856900000.0,37.23000000000002,943667000.0,13364800000.0,0.81,8108390000.0,85187400000.0,3.08,33165200.0,1493000000.0,2.84,49173200.0,1363620000.0,0.15694200000000003,73225300.0,9427530000.0,3.5500000000000007,124915000.0,1627310000.0,58.90999999999997,140463000.0,5882180000.0,11.520000000000003,202377000.0,4821840000.0
972.0,13025500000.0,246428000000.0,40.50999999999999,2648970000.0,71544300000.0,19.710000000000008,1392210000.0,13648200000.0,0.8300000000000001,7545740000.0,55767500000.0,1.9000000000000004,45160700.0,1425150000.0,1.5899999999999999,64926900.0,1286750000.0,0.16976900000000006,105782000.0,8213580000.0,2.1700000000000017,121258000.0,1547150000.0,29.49000000000001,173825000.0,5921340000.0,11.679999999999993,163331000.0,4270520000.0
1951.1000000000004,12336500000.0,265988000000.0,62.129999999999995,2389150000.0,73637100000.0,41.80000000000001,2593240000.0,14831200000.0,0.24,2843300000.0,53998200000.0,3.200000000000001,61972200.0,1360020000.0,1.8899999999999988,48273000.0,1358300000.0,0.11129,52492700.0,8498790000.0,2.1400000000000006,69410700.0,1530370000.0,63.01999999999998,162717000.0,6561210000.0,8.719999999999999,135592000.0,4339530000.0
1816.6000000000022,12487600000.0,270976000000.0,50.84000000000003,2100030000.0,74854100000.0,26.519999999999982,777138000.0,15615200000.0,0.29000000000000004,2854260000.0,45875700000.0,1.75,47212900.0,1477840000.0,1.25,54343300.0,1432160000.0,0.08463699999999996,53708400.0,8852550000.0,1.5599999999999987,65350300.0,1555920000.0,61.30000000000001,250742000.0,5920710000.0,7.410000000000004,153715000.0,4259210000.0
2432.300000000001,13454300000.0,235294000000.0,25.860000000000014,2201160000.0,73717800000.0,17.25,842993000.0,14876400000.0,0.09999999999999987,938847000.0,43455400000.0,2.450000000000001,87781700.0,1494590000.0,1.4700000000000006,65504500.0,1431340000.0,0.08445300000000011,65543300.0,8994070000.0,1.629999999999999,89081800.0,1591610000.0,27.5,161342000.0,5605310000.0,6.939999999999998,195466000.0,4329390000.0
1144.1000000000004,10664700000.0,234590000000.0,83.64999999999998,2491760000.0,67475100000.0,17.220000000000027,804377000.0,15111400000.0,0.1299999999999999,686014000.0,40506000000.0,3.539999999999999,79274800.0,1420150000.0,1.33,65545300.0,1393480000.0,0.1944149999999999,122425000.0,9378680000.0,1.5700000000000003,91485300.0,1483620000.0,42.670000000000016,119632000.0,5271820000.0,9.980000000000004,170538000.0,3917400000.0
1878.2999999999993,11572300000.0,244824000000.0,106.85000000000002,2300550000.0,69671200000.0,39.97,1122910000.0,15842900000.0,0.26877399999999996,754959000.0,45541100000.0,3.289999999999999,98855000.0,1331470000.0,2.289999999999999,59222600.0,1447000000.0,0.2527020000000001,98134100.0,8462550000.0,2.6899999999999995,87459300.0,1482550000.0,93.92000000000002,134675000.0,6062810000.0,8.129999999999995,160158000.0,3855900000.0
1774.4000000000015,13086000000.0,233748000000.0,84.15999999999997,2480340000.0,65752100000.0,51.03000000000003,1352580000.0,14655200000.0,0.1299999999999999,1497590000.0,45167600000.0,6.329999999999998,111333000.0,988665000.0,3.3099999999999987,88401100.0,1267050000.0,0.17739899999999997,77666400.0,7529810000.0,2.91,106232000.0,1342480000.0,73.26999999999998,190117000.0,5423160000.0,11.43,146282000.0,3660710000.0
4110.4,22198000000.0,266381000000.0,283.91999999999996,4977710000.0,79374400000.0,132.82000000000002,2938040000.0,17371200000.0,0.6389869999999999,4644700000.0,45189500000.0,5.55,57832900.0,1274250000.0,6.600000000000001,71699500.0,1613900000.0,0.437291,187781000.0,9100960000.0,7.860000000000001,210269000.0,1789150000.0,167.75000000000003,334617000.0,6504920000.0,28.89,297579000.0,4650220000.0
2225.0,16516600000.0,278827000000.0,87.84999999999991,3569060000.0,79125300000.0,40.210000000000036,1555940000.0,17116600000.0,0.45748500000000003,3626110000.0,30314000000.0,3.0999999999999996,120408000.0,1107160000.0,1.990000000000002,90875600.0,1529020000.0,0.13648899999999997,112835000.0,8549700000.0,2.719999999999999,127590000.0,1823820000.0,79.74000000000001,354021000.0,7291030000.0,11.550000000000011,225272000.0,4948010000.0
1857.0,22149700000.0,297526000000.0,89.05999999999995,3969940000.0,79810600000.0,40.97000000000003,2104060000.0,19012500000.0,0.058091000000000004,1007420000.0,30494300000.0,1.799999999999999,52126800.0,1181220000.0,2.360000000000001,81905700.0,1602310000.0,0.22425000000000006,119243000.0,8472610000.0,3.299999999999999,178069000.0,1856030000.0,146.45,498648000.0,5823300000.0,14.399999999999999,305912000.0,4634920000.0
1902.3999999999978,16894500000.0,320242000000.0,96.60000000000002,4096550000.0,76552200000.0,39.610000000000014,2150480000.0,19525500000.0,0.10681200000000013,1449670000.0,30117600000.0,1.8599999999999994,74910100.0,1259130000.0,3.5600000000000005,114641000.0,1563340000.0,0.20861000000000007,242843000.0,7662510000.0,4.390000000000001,247996000.0,1887880000.0,59.089999999999975,317292000.0,5904690000.0,15.509999999999991,290083000.0,5017420000.0
1015.0999999999985,14839500000.0,320000000000.0,114.69999999999993,3249230000.0,69578400000.0,58.93000000000001,1966600000.0,17336500000.0,0.10269100000000009,1342720000.0,28203500000.0,3.1999999999999993,139841000.0,1110720000.0,2.630000000000001,102357000.0,1363160000.0,0.16164400000000012,114759000.0,6179970000.0,3.769999999999998,216024000.0,1653590000.0,49.420000000000016,217306000.0,5469410000.0,17.1,437849000.0,4449540000.0
1114.9000000000015,13314600000.0,326141000000.0,39.59000000000003,2147390000.0,67106400000.0,30.810000000000002,1703580000.0,16398800000.0,0.04605199999999998,805200000.0,29214200000.0,1.3100000000000005,58303400.0,1044250000.0,0.9900000000000002,64376200.0,1339200000.0,0.103692,83063900.0,5907670000.0,3.4700000000000006,197259000.0,1447690000.0,37.97000000000003,278705000.0,5078920000.0,21.979999999999997,500799000.0,3233120000.0
2201.4000000000015,12740600000.0,297376000000.0,37.59000000000003,2165690000.0,66124200000.0,19.769999999999982,1291380000.0,16260700000.0,0.07425599999999999,1334770000.0,29267100000.0,1.1899999999999995,40692300.0,972032000.0,0.9199999999999999,69311000.0,1355530000.0,0.13742900000000002,99889000.0,5288890000.0,3.130000000000001,316999000.0,1207840000.0,19.83000000000004,164861000.0,4839760000.0,5.329999999999998,164723000.0,3129270000.0
1552.7999999999993,14310000000.0,277936000000.0,76.07000000000005,2758710000.0,67090900000.0,65.19000000000003,2599940000.0,15258500000.0,0.1956460000000001,3194210000.0,33383900000.0,1.1600000000000001,37830600.0,968078000.0,2.3200000000000003,95357500.0,1354620000.0,0.10639199999999993,69296200.0,5412800000.0,1.6900000000000013,77923700.0,1168260000.0,30.0,163054000.0,5039870000.0,8.11,204065000.0,3285020000.0
899.8999999999996,13777400000.0,274269000000.0,88.13,3821580000.0,67482900000.0,45.65999999999997,2114880000.0,16352400000.0,0.425866,6358700000.0,18232500000.0,0.8999999999999986,38710200.0,932217000.0,1.5899999999999999,55002000.0,1355560000.0,0.10087400000000002,87375200.0,4823690000.0,1.42,95547300.0,1091600000.0,34.129999999999995,261053000.0,4692810000.0,9.25,313147000.0,2918700000.0
1613.3999999999978,12976900000.0,292900000000.0,150.19000000000005,4524540000.0,62105600000.0,54.31999999999999,3409790000.0,17116500000.0,0.170804,2738760000.0,14437600000.0,1.0899999999999999,35347700.0,999159000.0,2.119999999999999,75995500.0,1523380000.0,0.05669200000000002,56148600.0,4763320000.0,1.8900000000000006,110463000.0,1056770000.0,45.610000000000014,248583000.0,4749580000.0,11.579999999999998,294500000.0,2647620000.0
1210.2000000000007,14603800000.0,283155000000.0,152.83000000000004,5179830000.0,50286400000.0,132.04000000000002,6961680000.0,11528600000.0,0.18314100000000005,1555040000.0,9772240000.0,1.2399999999999984,57930500.0,1062330000.0,4.309999999999999,103848000.0,1122860000.0,0.11311999999999994,106068000.0,4458080000.0,1.67,116442000.0,926009000.0,38.70999999999998,271786000.0,4348820000.0,5.960000000000001,132796000.0,2354370000.0
2109.100000000002,12153900000.0,258147000000.0,77.87,1771440000.0,42389300000.0,77.94999999999999,2913980000.0,8042020000.0,0.016972999999999988,176101000.0,9164670000.0,2.5500000000000007,67994100.0,908593000.0,1.6799999999999997,74140500.0,972864000.0,0.11010199999999998,71627100.0,3545280000.0,1.4099999999999993,47554300.0,811623000.0,36.889999999999986,152497000.0,3784310000.0,3.25,77323800.0,2165750000.0
2624.0,13433300000.0,253782000000.0,43.28000000000003,1404180000.0,45501400000.0,25.47,1087340000.0,8438840000.0,0.01624399999999998,198174000.0,9512330000.0,2.8000000000000007,49244800.0,910546000.0,2.860000000000001,57336900.0,875585000.0,0.11044600000000004,77311800.0,4002320000.0,0.8300000000000001,34660500.0,877014000.0,42.12999999999997,142120000.0,4061590000.0,3.280000000000001,72133600.0,2326550000.0
3108.1000000000004,13911300000.0,276415000000.0,47.89999999999998,2003850000.0,44005600000.0,44.96000000000001,2436540000.0,6910360000.0,0.015611000000000014,205289000.0,9768540000.0,2.1999999999999993,40892300.0,887916000.0,2.009999999999999,47394900.0,841212000.0,0.29893600000000004,211103000.0,6157700000.0,0.9100000000000001,41798400.0,860261000.0,31.00999999999999,161152000.0,4283550000.0,4.109999999999999,93255300.0,2337250000.0
4016.500000000002,21136000000.0,297787000000.0,43.69,2336380000.0,41845800000.0,37.66999999999999,1515560000.0,5327910000.0,0.05650500000000003,660172000.0,8663460000.0,2.4299999999999997,67156200.0,867847000.0,1.3000000000000007,45781100.0,871406000.0,0.43761000000000005,267451000.0,2115340000.0,1.1500000000000004,54457900.0,804182000.0,34.21000000000001,201497000.0,4346000000.0,5.020000000000003,125450000.0,2264560000.0
3842.4000000000015,17950700000.0,238600000000.0,26.989999999999952,2129570000.0,41007600000.0,9.070000000000007,645691000.0,5415710000.0,0.012419999999999987,275205000.0,9011630000.0,3.9800000000000004,165329000.0,746695000.0,1.4900000000000002,61751500.0,852136000.0,0.04473800000000003,30563700.0,2442770000.0,1.17,54413600.0,879842000.0,37.14999999999998,299528000.0,4291850000.0,3.9499999999999957,125301000.0,2277340000.0
2445.7000000000007,12656300000.0,199390000000.0,42.5,1998260000.0,44483100000.0,7.509999999999991,547512000.0,5548860000.0,0.017963000000000007,274526000.0,9507190000.0,1.2799999999999994,47240700.0,729668000.0,1.5,52074900.0,738347000.0,0.04005100000000006,29788400.0,2697300000.0,1.5899999999999999,64531900.0,1031440000.0,56.06,543884000.0,4140770000.0,4.450000000000003,118745000.0,2518460000.0
427.39999999999964,6895260000.0,195389000000.0,15.899999999999977,1216720000.0,45212800000.0,2.4599999999999937,328726000.0,5644390000.0,0.008753999999999984,174591000.0,9815990000.0,0.7199999999999998,41472400.0,744784000.0,1.0599999999999996,40875800.0,668740000.0,0.035623000000000016,27918500.0,2573250000.0,0.620000000000001,63711700.0,1062170000.0,63.75,352326000.0,3258360000.0,3.969999999999999,101480000.0,2729160000.0
575.4000000000015,6132410000.0,189172000000.0,21.46999999999997,1005550000.0,44795700000.0,7.709999999999994,331151000.0,5486740000.0,0.008201999999999987,104650000.0,9768480000.0,1.3900000000000006,30999400.0,606793000.0,0.6600000000000001,30419300.0,620558000.0,0.022760000000000058,19193300.0,2494140000.0,1.3699999999999992,51229800.0,961222000.0,18.200000000000017,74534400.0,3079850000.0,6.380000000000003,160430000.0,2382160000.0
996.7000000000007,6608310000.0,185258000000.0,30.95999999999998,990557000.0,44560500000.0,8.290000000000006,364022000.0,5420380000.0,0.015681,134710000.0,9869310000.0,0.8299999999999992,18408000.0,583559000.0,0.7599999999999998,33036700.0,609449000.0,0.03673199999999999,44340300.0,2266360000.0,1.1400000000000006,53617600.0,949255000.0,17.840000000000003,111303000.0,3137680000.0,4.490000000000002,79801700.0,2281180000.0
415.10000000000036,5138500000.0,183490000000.0,19.590000000000032,943650000.0,44853300000.0,5.480000000000004,402554000.0,5351330000.0,0.008462000000000025,118250000.0,9874190000.0,0.40999999999999925,14753200.0,562162000.0,0.6799999999999997,30325700.0,579354000.0,0.019993999999999984,23297000.0,2159190000.0,1.0500000000000007,49352400.0,905896000.0,18.579999999999984,80791100.0,2943520000.0,2.1000000000000014,48991700.0,2329690000.0
1352.050000000001,6783120000.0,170436000000.0,44.30000000000001,1247880000.0,42765000000.0,16.67,561343000.0,4758600000.0,0.01938999999999999,182992000.0,9669290000.0,0.6600000000000001,14799500.0,524709000.0,1.1899999999999995,26090100.0,483939000.0,0.025379000000000013,12371200.0,2029370000.0,1.1500000000000004,45778600.0,828272000.0,22.090000000000003,70430500.0,2771380000.0,4.869999999999997,89359700.0,2137790000.0
1598.9500000000007,8310690000.0,165537000000.0,64.25999999999999,1903040000.0,41411900000.0,15.460000000000008,481948000.0,4662340000.0,0.031937999999999966,270907000.0,9517940000.0,1.1600000000000001,22486300.0,479208000.0,0.9400000000000004,25549500.0,523239000.0,0.031735999999999986,16258700.0,1965590000.0,1.3099999999999996,46661000.0,811384000.0,38.859999999999985,128112000.0,2627490000.0,4.889999999999997,78895100.0,2115360000.0
1916.369999999999,11568800000.0,168367000000.0,97.23999999999995,2675940000.0,45442100000.0,22.840000000000003,786820000.0,5188580000.0,0.05845799999999998,541178000.0,11504500000.0,2.08,42428800.0,641537000.0,1.1900000000000004,30996500.0,590960000.0,0.05868999999999999,33439400.0,2320920000.0,2.13,68267600.0,961128000.0,48.94999999999999,178828000.0,3142680000.0,8.209999999999997,137123000.0,2469340000.0
389.40000000000146,6348820000.0,164104000000.0,16.129999999999995,1346500000.0,46127200000.0,5.689999999999998,388931000.0,4955290000.0,0.04766900000000002,720743000.0,9811650000.0,1.3999999999999995,41317100.0,528620000.0,0.3700000000000001,26201500.0,562374000.0,0.030362,35746900.0,2039580000.0,0.8899999999999988,60471100.0,967855000.0,30.04000000000002,179179000.0,2701720000.0,2.6600000000000037,80129000.0,2608660000.0
465.630000000001,5653320000.0,156221000000.0,24.909999999999968,1396480000.0,45255000000.0,7.400000000000006,429591000.0,4638580000.0,0.0068719999999999615,196735000.0,9590240000.0,0.9299999999999997,21900500.0,449765000.0,0.2999999999999998,25029600.0,567162000.0,0.013920000000000016,12795400.0,1926100000.0,0.9700000000000006,54701200.0,869721000.0,13.439999999999998,81489700.0,2509520000.0,3.5899999999999963,83345900.0,2491020000.0
747.3400000000001,5475580000.0,146789000000.0,21.110000000000014,1197780000.0,44712100000.0,4.920000000000002,357457000.0,4801830000.0,0.0043249999999999955,133297000.0,9768270000.0,0.3600000000000003,16465900.0,475322000.0,0.4400000000000004,25667300.0,535981000.0,0.012684,12589900.0,1964170000.0,0.4900000000000002,35970800.0,891835000.0,8.960000000000008,61100400.0,2595920000.0,1.7100000000000009,61597700.0,2472680000.0
599.7700000000004,4342060000.0,137632000000.0,24.139999999999986,1422080000.0,45633400000.0,11.850000000000009,487897000.0,4205220000.0,0.01211599999999996,212593000.0,9430850000.0,0.6699999999999999,21031200.0,419190000.0,0.2400000000000002,20520600.0,521531000.0,0.013271000000000005,10943300.0,1882040000.0,1.3499999999999996,68154900.0,775940000.0,10.099999999999994,64076700.0,2463190000.0,5.259999999999998,125113000.0,2263690000.0
433.22999999999956,5058610000.0,134816000000.0,78.21000000000004,2292830000.0,39564300000.0,5.159999999999997,287392000.0,3946910000.0,0.006967000000000029,211486000.0,9379600000.0,0.4399999999999995,12298500.0,393780000.0,0.23999999999999932,22424900.0,519100000.0,0.010803000000000035,7556740.0,1811810000.0,0.2999999999999998,25535100.0,785544000.0,6.180000000000007,69178000.0,2441330000.0,2.240000000000002,68977700.0,2267940000.0
228.6299999999992,4225180000.0,137444000000.0,49.460000000000036,1845680000.0,36577300000.0,5.5,315247000.0,3882950000.0,0.012791999999999998,240685000.0,9230520000.0,0.5399999999999996,18217100.0,367876000.0,0.16000000000000014,21305100.0,529435000.0,0.006864000000000009,8567770.0,1837210000.0,0.4500000000000002,29220900.0,814275000.0,16.47,109392000.0,2555950000.0,1.7899999999999991,68917800.0,2329200000.0
226.78999999999996,3633530000.0,134851000000.0,21.27000000000004,800819000.0,34544000000.0,1.769999999999996,157890000.0,3785260000.0,0.00853100000000001,167078000.0,8985300000.0,0.29000000000000004,8231210.0,343618000.0,0.41000000000000014,26343100.0,519834000.0,0.007488999999999996,6838830.0,1830930000.0,0.3200000000000003,23540600.0,783236000.0,32.31,189472000.0,2184930000.0,2.529999999999994,82378800.0,2239040000.0
585.9499999999998,4277610000.0,136967000000.0,21.78000000000003,949912000.0,35220200000.0,4.420000000000002,231665000.0,3892860000.0,0.013773999999999953,217851000.0,9191390000.0,0.6099999999999999,10210100.0,344218000.0,0.29000000000000004,23353900.0,525616000.0,0.01485499999999998,9636650.0,1912860000.0,0.5300000000000002,28377000.0,824262000.0,10.840000000000003,72701500.0,2093010000.0,3.779999999999994,133333000.0,2353570000.0
387.5000000000009,3488450000.0,134167000000.0,18.849999999999966,807027000.0,33933400000.0,2.1299999999999955,188976000.0,3849390000.0,0.012512999999999996,214663000.0,8934850000.0,0.1200000000000001,6356620.0,340139000.0,0.3600000000000003,22272000.0,512582000.0,0.018903999999999976,13657600.0,1816320000.0,0.3799999999999999,25838900.0,795924000.0,12.060000000000002,59945400.0,1990900000.0,7.5,243906000.0,2596080000.0
407.8099999999995,3149320000.0,129595000000.0,26.55000000000001,1181530000.0,33284900000.0,4.38000000000001,243057000.0,3745710000.0,0.010194000000000009,193808000.0,8811410000.0,0.31000000000000005,9062750.0,344757000.0,0.4500000000000002,20869400.0,528278000.0,0.012272999999999978,8200280.0,1756380000.0,0.5900000000000007,27424000.0,809283000.0,6.410000000000011,42133000.0,2009180000.0,8.790000000000006,273035000.0,2795440000.0
421.5500000000002,3667190000.0,128425000000.0,21.930000000000007,649639000.0,31800700000.0,4.060000000000002,174063000.0,3631120000.0,0.00799999999999998,144298000.0,8749900000.0,0.23999999999999977,6673990.0,332566000.0,0.7699999999999996,26020400.0,476545000.0,0.006510999999999989,7023070.0,1741240000.0,1.1999999999999993,61839300.0,784918000.0,11.47999999999999,62156400.0,1945200000.0,11.810000000000002,434827000.0,2583010000.0
443.5,4651670000.0,131026000000.0,7.439999999999998,621733000.0,31620300000.0,5.340000000000003,350505000.0,3794080000.0,0.019136000000000014,397071000.0,8681190000.0,0.34999999999999964,7115310.0,325909000.0,0.35999999999999943,18777000.0,474592000.0,0.009177000000000018,8216410.0,1770370000.0,0.6600000000000001,28740500.0,727192000.0,7.450000000000003,47127700.0,1843600000.0,12.719999999999999,252834000.0,1866360000.0
790.8000000000002,5123810000.0,122164000000.0,12.550000000000011,797254000.0,31927300000.0,9.540000000000006,418129000.0,3435690000.0,0.06250300000000003,1022580000.0,8213360000.0,0.48,9418140.0,369318000.0,0.3899999999999997,24087100.0,506504000.0,0.019772000000000012,16058700.0,1748490000.0,0.6200000000000001,25723800.0,787988000.0,9.590000000000003,74944100.0,1861940000.0,1.4499999999999993,40895700.0,1913970000.0
707.4899999999998,4200880000.0,110667000000.0,11.100000000000023,722666000.0,32353200000.0,2.809999999999995,194636000.0,3379200000.0,0.005047000000000024,100294000.0,8069730000.0,0.33999999999999986,11132600.0,354607000.0,0.46999999999999975,25851400.0,505269000.0,0.00776899999999997,6978990.0,1758620000.0,0.7299999999999995,29403800.0,803044000.0,5.530000000000001,49976700.0,1876740000.0,2.3299999999999983,45103700.0,1936170000.0
303.22999999999956,3197110000.0,109434000000.0,23.420000000000016,1069680000.0,30317300000.0,2.940000000000005,174111000.0,3317410000.0,0.010013999999999995,127361000.0,7866670000.0,0.46999999999999975,11279900.0,319047000.0,0.71,19374900.0,439602000.0,0.008055000000000007,7941780.0,1729090000.0,0.6200000000000001,25075600.0,770372000.0,5.570000000000007,53544800.0,1896990000.0,1.8599999999999994,39436300.0,1845750000.0
966.8999999999996,6263250000.0,99029000000.0,21.400000000000034,1041890000.0,29379000000.0,3.9099999999999966,237478000.0,3183830000.0,0.006624999999999992,132567000.0,7608890000.0,0.41000000000000014,6844240.0,282633000.0,0.7900000000000005,12493200.0,369368000.0,0.023291000000000034,7806090.0,1627880000.0,1.1000000000000005,45628000.0,673886000.0,15.61,116200000.0,1978840000.0,2.379999999999999,41299400.0,1762620000.0
1106.04,8957350000.0,104980000000.0,20.639999999999986,1613480000.0,30106200000.0,4.900000000000006,322820000.0,3351310000.0,0.014824999999999977,251175000.0,8099860000.0,0.5799999999999996,7494210.0,325278000.0,0.56,12279900.0,410250000.0,0.025859999999999994,12126100.0,1720610000.0,1.1800000000000006,40913300.0,743945000.0,23.060000000000002,144948000.0,1834630000.0,3.1400000000000006,63588200.0,1848580000.0
668.9299999999994,4908680000.0,110362000000.0,21.25999999999999,842301000.0,28559400000.0,4.469999999999999,272494000.0,3191150000.0,0.008997000000000005,134503000.0,7935490000.0,0.3600000000000003,6948770.0,312651000.0,0.41999999999999993,12304600.0,422815000.0,0.024269000000000013,6940500.0,1728040000.0,0.6600000000000001,26845400.0,713386000.0,23.230000000000004,107708000.0,1621800000.0,2.530000000000001,45994100.0,1829610000.0
875.1300000000001,5208250000.0,119607000000.0,30.180000000000007,885986000.0,30665200000.0,8.990000000000009,291596000.0,3463640000.0,0.013807999999999987,141033000.0,8409740000.0,0.8399999999999999,9130380.0,370129000.0,0.9400000000000004,14425500.0,491960000.0,0.050147000000000025,10625300.0,1993320000.0,1.3099999999999996,43885700.0,820786000.0,19.909999999999997,84614000.0,1860390000.0,5.699999999999999,57756900.0,2078110000.0
345.3099999999995,3226250000.0,124146000000.0,22.389999999999986,893250000.0,29509000000.0,5.1100000000000065,279653000.0,3358100000.0,0.0069250000000000145,147917000.0,8396440000.0,0.3700000000000001,11101300.0,348838000.0,0.75,20982300.0,450694000.0,0.03226599999999999,7388760.0,1744180000.0,0.8699999999999992,53112900.0,782537000.0,11.189999999999998,86864600.0,1724820000.0,2.440000000000005,79919300.0,1999530000.0
662.3999999999996,4602200000.0,119041000000.0,25.599999999999966,967956000.0,28128700000.0,3.270000000000003,349454000.0,3283270000.0,0.013397999999999993,156959000.0,8117620000.0,0.8499999999999996,16903800.0,297266000.0,1.1500000000000004,20540000.0,368185000.0,0.019409999999999983,6757370.0,1613560000.0,2.0299999999999994,83658200.0,646493000.0,16.799999999999997,79822900.0,1529550000.0,7.790000000000003,120273000.0,1700950000.0
230.21999999999935,2326340000.0,117056000000.0,14.069999999999993,540766000.0,28533300000.0,8.82,402670000.0,2953400000.0,0.007397000000000015,114073000.0,7902920000.0,0.11999999999999966,4708950.0,296727000.0,0.30000000000000027,11312200.0,352178000.0,0.012984999999999997,4822430.0,1678310000.0,0.5099999999999998,17428900.0,665398000.0,9.700000000000003,81253300.0,1596750000.0,0.8999999999999986,40146900.0,1706600000.0
438.46000000000004,3111900000.0,123379000000.0,11.699999999999989,579359000.0,28322700000.0,2.219999999999999,133918000.0,2940380000.0,0.0072520000000000084,102233000.0,7782080000.0,0.16999999999999993,7091170.0,300055000.0,0.29000000000000004,12291000.0,345746000.0,0.033457000000000015,11718500.0,1632060000.0,0.45999999999999996,21223900.0,617414000.0,16.769999999999996,103722000.0,1323540000.0,0.8599999999999994,26798400.0,1720760000.0
284.28999999999996,2380410000.0,123388000000.0,6.25,337658000.0,28661500000.0,0.8499999999999943,84302000.0,2953940000.0,0.004006999999999955,46959000.0,7832450000.0,0.2599999999999998,6526060.0,295342000.0,0.22999999999999998,9798490.0,360517000.0,0.018286999999999998,4400860.0,1536840000.0,0.3200000000000003,12819400.0,633214000.0,2.0,27619800.0,1336790000.0,0.9299999999999997,25229700.0,1721090000.0
461.5799999999999,2483800000.0,119376000000.0,9.680000000000007,416479000.0,29175300000.0,1.4299999999999997,83633100.0,3016940000.0,0.006346000000000018,74013200.0,8017770000.0,0.31999999999999984,7783710.0,307484000.0,0.3500000000000001,11619500.0,365254000.0,0.00920399999999999,4231960.0,1543630000.0,0.3899999999999997,16963100.0,660838000.0,2.980000000000004,23011500.0,1345360000.0,1.7999999999999972,31870600.0,1739980000.0
458.35000000000036,3369860000.0,118084000000.0,20.620000000000005,646340000.0,27547400000.0,2.009999999999998,150030000.0,2928260000.0,0.026298000000000044,373402000.0,7945410000.0,0.5899999999999999,10273500.0,279668000.0,0.9500000000000002,14090800.0,320550000.0,0.019622,5802310.0,1499370000.0,0.6299999999999999,27548300.0,612383000.0,6.609999999999999,37321100.0,1278080000.0,2.509999999999998,40142100.0,1598960000.0
608.6099999999997,4653770000.0,112910000000.0,12.740000000000009,904901000.0,27754200000.0,4.43,221077000.0,2872910000.0,0.028033000000000002,197770000.0,7498090000.0,0.75,21011000.0,299839000.0,1.3000000000000003,14949200.0,292033000.0,0.030321000000000015,8706750.0,1497580000.0,1.12,55264500.0,594839000.0,4.3999999999999915,48608100.0,1310390000.0,3.8599999999999994,74455200.0,1738720000.0
389.4300000000003,2870320000.0,107287000000.0,15.819999999999993,553864000.0,29183600000.0,2.5600000000000023,112759000.0,2989140000.0,0.007887999999999978,67921000.0,7715840000.0,0.3599999999999999,9835120.0,331704000.0,0.56,11933800.0,323419000.0,0.023465000000000014,6190340.0,1682610000.0,0.9100000000000001,37953700.0,671068000.0,3.469999999999999,36899300.0,1340360000.0,1.7600000000000016,49782800.0,1844740000.0
367.10000000000036,2311380000.0,102130000000.0,4.670000000000016,369583000.0,29331500000.0,1.0700000000000003,99381100.0,3021830000.0,0.0033169999999999866,43875700.0,7798990000.0,0.48,13957800.0,373355000.0,0.33000000000000007,9895450.0,347320000.0,0.01778099999999999,6031700.0,1794650000.0,0.4500000000000002,21797300.0,710488000.0,1.730000000000004,28704900.0,1356840000.0,1.9700000000000024,61688400.0,1864890000.0
174.13999999999942,1772150000.0,101833000000.0,6.149999999999977,331442000.0,29077600000.0,2.309999999999995,129287000.0,3046410000.0,0.0021889999999999687,34835100.0,7824820000.0,0.7700000000000005,13256800.0,402732000.0,0.17999999999999972,8523780.0,355140000.0,0.007336999999999982,3529450.0,1802150000.0,0.27000000000000046,14224900.0,715973000.0,2.4499999999999886,28179100.0,1354090000.0,1.7799999999999976,30968500.0,1801620000.0
531.1300000000001,2859040000.0,95819800000.0,17.370000000000005,551752000.0,28270200000.0,3.259999999999998,138340000.0,2929280000.0,0.005134,62511100.0,7758640000.0,0.47999999999999954,13787600.0,420386000.0,0.18999999999999995,9046840.0,345825000.0,0.01678199999999999,8599400.0,1776000000.0,0.29000000000000004,18076000.0,703486000.0,4.090000000000003,38368700.0,1318160000.0,1.4100000000000001,29736500.0,1360230000.0
187.53000000000065,1403920000.0,96369600000.0,6.78000000000003,264424000.0,28410400000.0,1.5600000000000023,71063200.0,2966700000.0,0.0020749999999999935,26864900.0,7806200000.0,0.40000000000000036,9976150.0,432962000.0,0.1499999999999999,8103840.0,354417000.0,0.012041000000000024,4671300.0,1781830000.0,0.3700000000000001,17242600.0,736331000.0,2.0500000000000114,25397400.0,1327650000.0,1.8199999999999967,25368200.0,1443000000.0
259.5700000000006,1710130000.0,98225400000.0,5.199999999999989,257169000.0,28270100000.0,1.1000000000000014,78923100.0,2981330000.0,0.002721000000000001,29623000.0,7847650000.0,0.5699999999999994,14107600.0,436841000.0,0.16000000000000014,6714780.0,362311000.0,0.006152999999999992,3603110.0,1794140000.0,0.6999999999999993,28704900.0,751745000.0,2.759999999999991,27939000.0,1352700000.0,0.7799999999999976,28919000.0,1416350000.0
255.57999999999993,1905040000.0,95685100000.0,5.849999999999966,270273000.0,28408400000.0,1.8699999999999974,81104700.0,3023150000.0,0.003629000000000021,38193100.0,7877530000.0,1.06,30372000.0,488616000.0,0.25,8321870.0,371705000.0,0.01221899999999998,4683120.0,1851170000.0,0.3199999999999994,19134300.0,752636000.0,1.8500000000000085,23132200.0,1346070000.0,1.3300000000000018,35987900.0,1423950000.0
356.4499999999998,1966990000.0,91954200000.0,11.129999999999995,325040000.0,28442000000.0,2.489999999999995,114510000.0,2994670000.0,0.0064339999999999675,75017500.0,7980370000.0,1.23,27633500.0,398709000.0,0.29000000000000004,8533500.0,376245000.0,0.012972000000000011,4171090.0,1908250000.0,0.580000000000001,20363000.0,798130000.0,15.470000000000013,59952100.0,1350650000.0,1.5700000000000003,35558400.0,1505590000.0
431.34000000000015,2735700000.0,98781600000.0,29.299999999999955,684281000.0,27357500000.0,5.810000000000002,199789000.0,2940790000.0,0.027052999999999994,220081000.0,7535480000.0,0.8000000000000003,17175100.0,330667000.0,0.3900000000000001,8703160.0,366774000.0,0.02554099999999998,5808170.0,1776640000.0,1.3199999999999994,54151300.0,746181000.0,8.879999999999995,42191100.0,1299330000.0,5.989999999999998,78225600.0,1367240000.0
343.1199999999999,2401840000.0,99941600000.0,18.180000000000007,482336000.0,28111400000.0,3.9000000000000057,177315000.0,3036830000.0,0.013190000000000007,99914800.0,7841330000.0,0.6799999999999997,21784500.0,310956000.0,0.3599999999999999,8621370.0,358001000.0,0.01745000000000002,4987880.0,1901550000.0,0.54,17684200.0,752139000.0,4.030000000000001,26261800.0,1319200000.0,2.219999999999999,28154800.0,1424610000.0
283.9200000000001,2034630000.0,100438000000.0,12.689999999999998,327387000.0,28624800000.0,2.210000000000001,96781400.0,3116350000.0,0.011179000000000022,75849500.0,8128520000.0,0.52,9563480.0,299843000.0,0.18999999999999995,8491900.0,358200000.0,0.01894700000000002,4615270.0,1919670000.0,0.41999999999999993,19588000.0,724177000.0,3.5200000000000102,27130000.0,1344760000.0,2.379999999999999,36184100.0,1357500000.0
229.8100000000004,2207100000.0,99763200000.0,12.160000000000025,408014000.0,28906600000.0,3.690000000000005,139503000.0,3224150000.0,0.011606999999999978,116807000.0,8098920000.0,0.5100000000000002,6529230.0,294448000.0,0.3299999999999996,10666600.0,364477000.0,0.016714000000000007,4326590.0,1944090000.0,0.46999999999999975,19448800.0,718401000.0,3.8299999999999983,25267200.0,1378290000.0,2.240000000000002,34058900.0,1387840000.0
432.8800000000001,2354430000.0,94947900000.0,7.949999999999989,396673000.0,29326300000.0,3.3200000000000003,150542000.0,3196870000.0,0.015067999999999998,182704000.0,8287600000.0,0.3500000000000001,7724320.0,304362000.0,0.3400000000000003,10830100.0,389091000.0,0.015494999999999981,4936400.0,1988490000.0,0.6200000000000001,20554400.0,776825000.0,4.660000000000011,38260700.0,1351990000.0,1.7699999999999996,36933700.0,1433880000.0
213.28999999999996,1780540000.0,92867000000.0,10.879999999999995,349830000.0,29937900000.0,2.5799999999999983,160943000.0,3250090000.0,0.023472999999999994,304542000.0,8408710000.0,0.2999999999999998,7054550.0,317024000.0,0.3200000000000003,8840030.0,404068000.0,0.01202499999999998,3383330.0,1977550000.0,0.40000000000000036,14064200.0,769045000.0,4.570000000000007,35302300.0,1366060000.0,1.4800000000000004,30401400.0,1482970000.0
452.3800000000001,2399270000.0,93190200000.0,26.600000000000023,606114000.0,30160500000.0,7.960000000000001,283869000.0,3183230000.0,0.030884999999999996,354225000.0,8909100000.0,0.45999999999999996,14079200.0,301767000.0,0.4399999999999995,7283440.0,392635000.0,0.015740000000000032,3409140.0,1956420000.0,0.41999999999999993,20915200.0,783502000.0,4.719999999999999,36277100.0,1389050000.0,3.34,49659700.0,1583190000.0
327.6300000000001,1821570000.0,95469300000.0,21.689999999999998,509924000.0,31727700000.0,5.850000000000001,205363000.0,3454040000.0,0.040207999999999966,411265000.0,9867860000.0,0.19999999999999973,6242700.0,293352000.0,0.20999999999999996,4954490.0,404005000.0,0.020670999999999995,4990440.0,2017790000.0,0.5499999999999998,23177500.0,772486000.0,6.219999999999999,43866200.0,1460870000.0,4.739999999999998,74210000.0,1425090000.0
232.01999999999953,2008070000.0,94559000000.0,17.310000000000002,692885000.0,32029200000.0,3.6500000000000057,200428000.0,3508860000.0,0.04234900000000005,963158000.0,10148700000.0,0.29000000000000004,6688310.0,296889000.0,0.48999999999999977,4972740.0,380320000.0,0.046178,14101500.0,1862590000.0,0.5,19951300.0,786681000.0,4.920000000000002,32185000.0,1446090000.0,2.1099999999999994,34713200.0,1388080000.0
373.8699999999999,1976040000.0,97011900000.0,22.29000000000002,635407000.0,32292100000.0,7.540000000000006,453940000.0,3422800000.0,0.019371000000000027,280211000.0,9923310000.0,0.30000000000000027,6180240.0,282387000.0,0.3399999999999994,4384340.0,401032000.0,0.013113000000000014,2933540.0,1896390000.0,0.5700000000000003,23508300.0,789379000.0,9.210000000000008,34188200.0,1520300000.0,1.5599999999999987,31189200.0,1382450000.0
246.0599999999995,1669030000.0,93803000000.0,13.28000000000003,516562000.0,32222400000.0,7.589999999999996,313106000.0,3169870000.0,0.010400999999999994,211160000.0,10062500000.0,0.43999999999999995,7843710.0,309165000.0,0.2799999999999998,5190930.0,397686000.0,0.008968999999999977,3189400.0,1905510000.0,0.39000000000000057,20284600.0,816802000.0,9.399999999999991,38886100.0,1446050000.0,1.8000000000000007,33551100.0,1465980000.0
403.4499999999998,3615480000.0,90812400000.0,48.94,1304360000.0,28911100000.0,5.119999999999997,357124000.0,3230160000.0,0.02538299999999999,398689000.0,9583920000.0,0.33999999999999986,8455320.0,308920000.0,0.4400000000000004,6777070.0,369201000.0,0.01925199999999999,5996320.0,1851320000.0,0.6999999999999993,33908900.0,805549000.0,11.239999999999995,63578800.0,1326720000.0,3.4200000000000017,81365000.0,1392660000.0
624.9099999999999,2791610000.0,80256700000.0,5.859999999999957,527557000.0,28851200000.0,9.240000000000002,341369000.0,2713870000.0,0.019053999999999988,245004000.0,10230900000.0,0.3999999999999999,8527240.0,346797000.0,0.5100000000000002,6289170.0,417611000.0,0.012955999999999995,4425210.0,1933180000.0,1.3499999999999996,49996900.0,910544000.0,2.1700000000000017,32783200.0,1331450000.0,2.75,61080400.0,1500520000.0
122.09999999999945,1222280000.0,79578200000.0,5.289999999999964,264146000.0,28626300000.0,0.8200000000000003,57390100.0,2706060000.0,0.008762999999999965,161206000.0,10061500000.0,0.18999999999999995,4683540.0,335756000.0,0.33000000000000007,7296340.0,410915000.0,0.012154000000000054,2753270.0,1892910000.0,1.3000000000000007,57741200.0,798713000.0,2.450000000000003,21103400.0,1318540000.0,1.9299999999999997,33627700.0,1464940000.0
157.0699999999997,1597140000.0,79351800000.0,12.979999999999961,359706000.0,28281400000.0,1.8100000000000023,90415500.0,2673460000.0,0.025366999999999973,384049000.0,9758310000.0,0.25,4880590.0,331471000.0,0.33999999999999986,5675270.0,410737000.0,0.026099999999999984,5169550.0,1745490000.0,1.1100000000000003,27542200.0,736231000.0,4.140000000000001,31695500.0,1301030000.0,3.129999999999999,48223600.0,1457270000.0
314.46000000000004,1968740000.0,76656500000.0,21.120000000000005,559467000.0,29328300000.0,4.920000000000002,152366000.0,2828800000.0,0.038328,610110000.0,10759300000.0,0.56,7796190.0,347588000.0,0.6200000000000001,6698160.0,443937000.0,0.016329999999999983,6003100.0,1752840000.0,1.0699999999999994,34823600.0,765067000.0,6.359999999999999,38063700.0,1363380000.0,6.009999999999998,98290300.0,1601800000.0
218.5,1313870000.0,73575400000.0,4.510000000000048,293167000.0,29550900000.0,2.25,100841000.0,2796640000.0,0.042412000000000005,529838000.0,9198180000.0,0.6899999999999995,9186260.0,384053000.0,0.5999999999999996,7717430.0,501163000.0,0.01891599999999999,4830460.0,1896110000.0,0.9899999999999993,27120900.0,839543000.0,2.460000000000008,29220800.0,1388030000.0,6.219999999999995,107725000.0,1781810000.0
122.82999999999993,906928000.0,72565100000.0,8.149999999999977,342205000.0,29340400000.0,1.1099999999999994,51786200.0,2776920000.0,0.005858000000000002,77950200.0,9030320000.0,0.47999999999999954,7693060.0,363891000.0,0.1299999999999999,6760300.0,495816000.0,0.017324000000000006,4376190.0,1907490000.0,0.5499999999999989,18207700.0,851803000.0,2.480000000000004,22617600.0,1380750000.0,2.8500000000000014,48058800.0,1677000000.0
92.74000000000069,1069940000.0,71810600000.0,13.889999999999986,318664000.0,28031100000.0,1.0700000000000003,59355900.0,2749460000.0,0.008890999999999982,167492000.0,9115310000.0,0.31000000000000005,3894190.0,350388000.0,0.1899999999999995,6574960.0,497017000.0,0.016853000000000007,5122770.0,1905590000.0,0.40000000000000036,13957500.0,866972000.0,2.7099999999999937,24504100.0,1394580000.0,2.0900000000000034,47267100.0,1625060000.0
198.59000000000015,1161770000.0,70233700000.0,9.200000000000045,253747000.0,27800400000.0,1.4299999999999997,69594400.0,2736260000.0,0.025440000000000018,404299000.0,8266280000.0,0.25,3814770.0,359209000.0,0.28000000000000025,6804000.0,491795000.0,0.012462,4460130.0,1963310000.0,0.7400000000000002,19715100.0,852239000.0,4.310000000000002,27697400.0,1373110000.0,4.330000000000002,66785000.0,1560680000.0
141.89000000000033,1116770000.0,71712500000.0,8.5,257906000.0,27794100000.0,2.219999999999999,77473400.0,2782460000.0,0.014376999999999973,123573000.0,7792170000.0,0.45999999999999996,7099310.0,374747000.0,0.3700000000000001,8679860.0,474477000.0,0.008063999999999988,2401820.0,2010220000.0,0.6699999999999999,19933100.0,909963000.0,4.6000000000000085,29568100.0,1410000000.0,4.940000000000001,60565900.0,1689390000.0
173.57999999999993,1288020000.0,73181300000.0,11.980000000000018,321680000.0,28238500000.0,2.0,88516100.0,2840540000.0,0.006078,48703100.0,7791820000.0,0.6299999999999999,13060300.0,385143000.0,0.33000000000000007,6975040.0,486590000.0,0.013944999999999985,3327450.0,2079210000.0,0.7400000000000002,35595500.0,903903000.0,7.6000000000000085,44289800.0,1387960000.0,4.780000000000001,74199600.0,1832530000.0
92.76999999999953,1431730000.0,72963200000.0,8.340000000000032,339443000.0,28708500000.0,1.5200000000000031,95474600.0,2901270000.0,0.0071119999999999794,77412300.0,7901790000.0,0.5200000000000005,8607690.0,406341000.0,0.17000000000000082,7422400.0,497344000.0,0.01633599999999999,3983190.0,2206660000.0,0.9199999999999999,36673900.0,965225000.0,2.819999999999993,27534700.0,1418400000.0,4.109999999999999,116098000.0,1785160000.0
133.92999999999938,1208210000.0,72047300000.0,8.129999999999995,306185000.0,28615200000.0,1.529999999999994,100183000.0,2931740000.0,0.01101499999999997,51345500.0,7577590000.0,0.4299999999999997,7993490.0,440100000.0,0.20999999999999996,8233020.0,502985000.0,0.015861999999999987,4232170.0,2120520000.0,0.5800000000000001,21494500.0,994233000.0,3.969999999999999,25936500.0,1448800000.0,4.009999999999998,72169500.0,1705880000.0
197.57000000000062,1207450000.0,69136600000.0,12.849999999999966,332439000.0,27655200000.0,2.6099999999999994,131446000.0,2797460000.0,0.006329000000000001,54729300.0,7431970000.0,0.21999999999999975,6061940.0,440203000.0,0.27000000000000046,7480680.0,493143000.0,0.006953999999999988,3376060.0,2126640000.0,0.5899999999999999,26871400.0,957899000.0,2.260000000000005,28498000.0,1430900000.0,5.790000000000003,82181600.0,1429500000.0
175.34000000000015,1367050000.0,69219200000.0,20.150000000000034,541375000.0,28375900000.0,3.739999999999995,186560000.0,2875460000.0,0.009030999999999983,72291200.0,7519420000.0,0.4900000000000002,7038430.0,471559000.0,0.6500000000000004,8515820.0,476743000.0,0.018127000000000004,5254500.0,2143400000.0,1.3900000000000006,51306900.0,1029050000.0,6.560000000000002,38972400.0,1473750000.0,4.280000000000001,72558300.0,1512530000.0
169.61000000000058,1712320000.0,69633200000.0,11.729999999999961,501894000.0,29068700000.0,3.260000000000005,202009000.0,2986370000.0,0.011926999999999993,117962000.0,7765860000.0,0.34999999999999964,7847200.0,469867000.0,0.4399999999999995,8795790.0,516674000.0,0.009853999999999974,3738470.0,2192630000.0,1.4100000000000001,66693200.0,1017090000.0,5.659999999999997,41822000.0,1528970000.0,5.009999999999998,101195000.0,1589170000.0
325.23,1686880000.0,64579200000.0,21.189999999999998,550244000.0,27219400000.0,4.960000000000001,220363000.0,2739380000.0,0.02258899999999997,249934000.0,7105010000.0,0.47999999999999954,7465230.0,433440000.0,0.4200000000000008,11447500.0,477461000.0,0.018561999999999995,3733480.0,2052900000.0,0.75,38915800.0,961863000.0,10.269999999999996,51634900.0,1404030000.0,7.710000000000001,163163000.0,1316040000.0
99.98999999999978,1043740000.0,65161000000.0,6.730000000000018,345801000.0,27720000000.0,2.6200000000000045,173663000.0,2744540000.0,0.011162000000000005,70000700.0,6977340000.0,0.4399999999999995,6399530.0,416859000.0,0.6299999999999999,7713420.0,422807000.0,0.007790999999999992,2282950.0,2090240000.0,0.5800000000000001,26920700.0,984356000.0,3.710000000000008,32540800.0,1419730000.0,2.84,65868600.0,1305990000.0
268.6700000000001,1374210000.0,61061100000.0,11.629999999999995,483161000.0,26755500000.0,4.869999999999997,208641000.0,2527830000.0,0.008726000000000012,35622600.0,6730080000.0,0.33000000000000007,4692290.0,392654000.0,0.3799999999999999,5218940.0,396943000.0,0.019337999999999966,2800870.0,1945050000.0,1.75,59857600.0,851863000.0,5.109999999999999,28114300.0,1352120000.0,7.279999999999998,81225500.0,989892000.0
129.25,768015000.0,62954300000.0,14.819999999999993,571411000.0,27129900000.0,1.75,82147100.0,2613620000.0,0.0047740000000000005,20566500.0,6831900000.0,0.2699999999999996,2751840.0,412920000.0,0.18000000000000016,5012110.0,396513000.0,0.008849999999999997,2016530.0,1994570000.0,0.5899999999999999,19730500.0,885388000.0,3.8100000000000023,22224000.0,1387760000.0,1.1499999999999986,11967200.0,1008660000.0
224.6300000000001,928114000.0,60190000000.0,25.05000000000001,450934000.0,25077100000.0,3.1000000000000014,142073000.0,2554900000.0,0.0071450000000000125,32476700.0,6647700000.0,0.4400000000000004,3462380.0,388161000.0,0.28000000000000025,4950050.0,375579000.0,0.014823000000000003,1997070.0,1889590000.0,0.9299999999999997,28436100.0,851587000.0,5.160000000000011,26372900.0,1329730000.0,2.289999999999999,17216800.0,929086000.0
204.73999999999978,1194830000.0,60152300000.0,14.319999999999993,430081000.0,24458400000.0,3.9000000000000057,218134000.0,2474380000.0,0.0065790000000000015,37244700.0,6578530000.0,0.45999999999999996,4174410.0,397230000.0,0.2799999999999998,2723740.0,365050000.0,0.018597000000000002,2929650.0,1900040000.0,1.0300000000000011,42277500.0,799239000.0,5.210000000000008,28179100.0,1301560000.0,2.34,22480200.0,869657000.0
302.78999999999996,1411480000.0,64677600000.0,31.590000000000003,601266000.0,26836000000.0,6.640000000000001,229363000.0,2739370000.0,0.010960999999999999,43583200.0,6939500000.0,0.8700000000000001,6825670.0,466613000.0,0.5100000000000002,2914710.0,405445000.0,0.024933999999999956,3361070.0,2072960000.0,1.6400000000000006,51911500.0,897056000.0,10.579999999999998,34290500.0,1439880000.0,3.0700000000000003,21587400.0,982515000.0
173.65999999999985,1213830000.0,64918500000.0,12.839999999999975,421404000.0,26712400000.0,2.5799999999999983,160252000.0,2795880000.0,0.005896000000000012,34521600.0,7044160000.0,0.7400000000000002,8585630.0,476755000.0,0.33000000000000007,3910370.0,413510000.0,0.007792999999999994,3008920.0,2141460000.0,0.8399999999999999,36072700.0,975691000.0,4.719999999999999,34198900.0,1474840000.0,0.7799999999999976,14058200.0,995012000.0
225.20000000000027,1563980000.0,67520300000.0,21.289999999999964,646909000.0,27809300000.0,4.830000000000005,286583000.0,2950880000.0,0.009345999999999993,54046100.0,7278390000.0,0.5700000000000003,8821170.0,527507000.0,0.3799999999999999,3403370.0,435701000.0,0.020260000000000028,5278220.0,2246370000.0,1.3499999999999996,38392200.0,1081420000.0,7.579999999999998,48249700.0,1522630000.0,2.6700000000000017,30451900.0,1049420000.0
488.1399999999999,1943210000.0,59514100000.0,41.27000000000001,1127750000.0,23881200000.0,7.079999999999998,408675000.0,2571070000.0,0.011709999999999998,88397900.0,6837060000.0,1.1799999999999997,12693200.0,439359000.0,0.7600000000000002,4080300.0,363799000.0,0.04581500000000002,6232240.0,1836520000.0,1.459999999999999,54086300.0,971499000.0,8.209999999999994,63732100.0,1416250000.0,1.8399999999999999,27647600.0,995579000.0
219.17000000000007,1239150000.0,59757800000.0,21.75999999999999,427452000.0,23272500000.0,4.760000000000005,245262000.0,2554450000.0,0.010104000000000002,49161100.0,6839640000.0,0.6100000000000003,3432560.0,432583000.0,0.31999999999999984,3406720.0,376569000.0,0.01466199999999998,4402470.0,1871810000.0,1.33,40154600.0,973696000.0,7.140000000000001,41008200.0,1433270000.0,2.280000000000001,18695100.0,1031920000.0
321.0500000000002,1818400000.0,60271600000.0,24.369999999999976,711737000.0,23742600000.0,6.369999999999997,562278000.0,2548580000.0,0.015138000000000013,84495200.0,6975690000.0,0.6399999999999997,4687280.0,454539000.0,0.4099999999999997,4499490.0,377410000.0,0.030997999999999998,5334960.0,1907340000.0,1.3100000000000005,66155100.0,979204000.0,14.710000000000008,71163500.0,1510430000.0,4.48,50210000.0,937288000.0
786.8299999999999,4148070000.0,52453500000.0,63.619999999999976,1935700000.0,20364900000.0,18.619999999999997,1554340000.0,2206520000.0,0.038210999999999995,289414000.0,6328090000.0,1.63,8004530.0,374266000.0,1.1400000000000001,6270110.0,311752000.0,0.05795800000000004,13231800.0,1480350000.0,3.8200000000000003,156528000.0,798813000.0,30.519999999999996,176154000.0,1253940000.0,5.800000000000001,50811700.0,790612000.0
766.7399999999998,2716310000.0,64191600000.0,66.92999999999998,1184590000.0,26166100000.0,21.18,749714000.0,3261960000.0,0.03784299999999999,152533000.0,7685140000.0,1.33,6121560.0,494028000.0,0.96,4470510.0,394740000.0,0.07243400000000003,7570880.0,2103510000.0,3.3900000000000006,95558500.0,1040220000.0,37.739999999999995,133553000.0,1678110000.0,5.800000000000001,42221500.0,1004180000.0
342.0599999999995,2219410000.0,68432200000.0,30.50999999999999,921692000.0,27535700000.0,5.669999999999995,501522000.0,3402820000.0,0.01349499999999998,105471000.0,8038030000.0,0.9700000000000006,6572450.0,543119000.0,0.6100000000000003,4928930.0,436202000.0,0.03733599999999998,9181580.0,2231990000.0,2.1499999999999986,85896500.0,1148450000.0,10.769999999999996,88162900.0,1685390000.0,3.4899999999999984,37258400.0,1041450000.0
259.42999999999984,1864530000.0,69033400000.0,23.95999999999998,753144000.0,27861800000.0,6.390000000000001,481218000.0,3503300000.0,0.013015000000000027,94519500.0,8238550000.0,0.5700000000000003,8270520.0,553334000.0,0.35000000000000053,5306860.0,434806000.0,0.020013999999999976,3902820.0,2262990000.0,2.2399999999999984,130591000.0,1117370000.0,5.200000000000003,40402700.0,1698640000.0,3.740000000000002,40702300.0,1093590000.0
162.27000000000044,1557330000.0,68256000000.0,14.0,571307000.0,27394400000.0,5.8600000000000065,412076000.0,3259510000.0,0.00970399999999999,138339000.0,8148560000.0,0.5700000000000003,5037870.0,577080000.0,0.41000000000000014,4908140.0,443783000.0,0.018959999999999977,3639410.0,2304150000.0,0.8900000000000006,37733800.0,1122960000.0,5.769999999999996,30605900.0,1702970000.0,2.2699999999999996,27835300.0,1133790000.0
294.39999999999964,1679090000.0,70018100000.0,25.789999999999964,698326000.0,27797200000.0,8.89,529848000.0,3478400000.0,0.018923999999999996,117091000.0,8037080000.0,0.6900000000000004,8637120.0,564937000.0,0.5899999999999999,5469690.0,444828000.0,0.02553199999999997,6543570.0,2402760000.0,1.5299999999999994,53265800.0,1207860000.0,12.599999999999994,50725200.0,1741490000.0,4.27,54002500.0,1088180000.0
194.71000000000004,1386230000.0,70017200000.0,12.669999999999959,528621000.0,27990500000.0,5.539999999999992,467895000.0,3551950000.0,0.005497000000000002,51185500.0,8101800000.0,0.29000000000000004,3496720.0,563845000.0,0.21999999999999975,5406880.0,451034000.0,0.019242000000000037,4871730.0,2411240000.0,1.3399999999999999,63245300.0,1118990000.0,6.560000000000002,39220400.0,1779350000.0,3.0799999999999983,47199500.0,1231580000.0
585.8200000000002,2700890000.0,76220200000.0,44.47999999999996,1098780000.0,31147200000.0,16.299999999999997,930673000.0,4144630000.0,0.01820499999999997,151329000.0,8574260000.0,1.04,8651120.0,607162000.0,0.75,5899500.0,498706000.0,0.045097,6704690.0,2636760000.0,2.7300000000000004,99091800.0,1268790000.0,19.269999999999996,159066000.0,1810210000.0,8.18,112252000.0,1529630000.0
163.71000000000004,1844620000.0,75945000000.0,13.579999999999984,718624000.0,31507500000.0,5.469999999999999,526829000.0,4218690000.0,0.007592000000000015,103080000.0,8680360000.0,0.3899999999999997,6362780.0,611117000.0,0.22999999999999954,6353830.0,510327000.0,0.011950000000000016,4079350.0,2717150000.0,2.76,153192000.0,1145440000.0,8.16000000000001,62655700.0,1826360000.0,13.009999999999998,214001000.0,1065110000.0
240.65999999999985,2172100000.0,72418700000.0,21.170000000000016,1058830000.0,29639100000.0,9.129999999999995,830718000.0,3789670000.0,0.012054999999999955,163297000.0,8242060000.0,0.5899999999999999,5768010.0,597983000.0,0.4800000000000004,6069650.0,499259000.0,0.027309000000000028,4629700.0,2584110000.0,1.299999999999999,95001000.0,1077300000.0,7.990000000000009,64604400.0,1786650000.0,4.02,77746300.0,1148320000.0
429.73,2697970000.0,69954400000.0,50.27999999999997,1551050000.0,28100000000.0,13.39,1016090000.0,3444150000.0,0.028441999999999995,242636000.0,7864700000.0,1.12,8514110.0,570643000.0,0.7799999999999994,6194560.0,467862000.0,0.04140999999999995,7635410.0,2487450000.0,3.6799999999999997,111430000.0,852870000.0,26.819999999999993,113378000.0,1605070000.0,4.920000000000002,91402300.0,1093860000.0
483.2300000000005,2987330000.0,75955500000.0,67.19,1801690000.0,32774000000.0,15.490000000000002,922041000.0,4049140000.0,0.03282099999999999,239613000.0,8772340000.0,1.3900000000000006,14669700.0,651334000.0,0.9699999999999998,8324540.0,519570000.0,0.05417300000000003,9299200.0,2769620000.0,3.240000000000001,159979000.0,1037440000.0,24.5,89194700.0,1897480000.0,13.040000000000003,189917000.0,1522090000.0
296.4899999999998,1933190000.0,75841700000.0,34.25999999999999,986266000.0,33059800000.0,9.219999999999999,675462000.0,4166600000.0,0.01778099999999999,186526000.0,8712840000.0,0.5999999999999996,8487740.0,626826000.0,0.5099999999999998,5174780.0,526827000.0,0.035246,7413990.0,2683530000.0,1.7299999999999986,68616800.0,1060760000.0,13.549999999999997,92631100.0,1877380000.0,4.07,43232300.0,1588690000.0
505.8000000000002,2722140000.0,81060600000.0,61.25,1483600000.0,36601200000.0,19.83999999999999,1363990000.0,4526680000.0,0.031906000000000045,329928000.0,9560940000.0,1.0899999999999999,11500400.0,716038000.0,0.7999999999999998,6608910.0,577688000.0,0.04854900000000001,9560410.0,2984640000.0,2.0299999999999994,93561000.0,1178610000.0,19.440000000000012,128849000.0,2123430000.0,6.260000000000002,92722600.0,1584390000.0
213.48000000000047,2599080000.0,77748400000.0,6.569999999999993,874222000.0,36182900000.0,17.39999999999999,1551740000.0,3735870000.0,0.012329000000000007,283576000.0,9808460000.0,0.8100000000000005,22610800.0,717199000.0,0.3799999999999999,9556080.0,595498000.0,0.025205000000000033,12082700.0,3029420000.0,0.8899999999999988,91962400.0,1153390000.0,13.599999999999994,163961000.0,2112260000.0,4.699999999999999,75418900.0,1658680000.0
186.65000000000055,1944930000.0,75322300000.0,9.789999999999964,706254000.0,35701500000.0,8.239999999999995,633147000.0,3381750000.0,0.03513099999999997,432574000.0,8725450000.0,0.5199999999999996,15100200.0,716572000.0,0.5600000000000005,9471090.0,546851000.0,0.05450100000000002,22669900.0,2655060000.0,1.3000000000000007,89710200.0,1098470000.0,10.759999999999991,131974000.0,1980860000.0,2.490000000000002,49957300.0,1646720000.0
155.11000000000058,1937850000.0,75556600000.0,26.779999999999973,1333320000.0,34848400000.0,3.309999999999995,240309000.0,3328240000.0,0.012328999999999979,181186000.0,8392340000.0,0.6299999999999999,12604000.0,674382000.0,0.3600000000000003,6659820.0,544366000.0,0.016535999999999995,8605120.0,2546530000.0,2.369999999999999,194613000.0,932958000.0,11.77000000000001,106543000.0,2008790000.0,6.130000000000003,97289600.0,1673910000.0
273.5500000000002,2486080000.0,72553800000.0,25.96999999999997,1220030000.0,32813200000.0,2.030000000000001,294799000.0,3286610000.0,0.011059000000000013,269770000.0,8590000000.0,0.7999999999999998,18303600.0,715769000.0,0.33999999999999986,7581710.0,527066000.0,0.00825999999999999,7845260.0,2522410000.0,1.17,86155000.0,843249000.0,16.47999999999999,104869000.0,2163850000.0,7.77,168534000.0,1922840000.0
179.28999999999996,1959330000.0,72467900000.0,13.639999999999986,854319000.0,33002700000.0,5.050000000000004,556637000.0,3231200000.0,0.03965000000000002,542468000.0,7800090000.0,0.96,19477300.0,683032000.0,0.39000000000000057,7208780.0,522486000.0,0.01708199999999993,9644680.0,2472360000.0,0.7799999999999994,52390300.0,819005000.0,25.52000000000001,216036000.0,1961250000.0,2.9299999999999997,41401000.0,2011600000.0
99.30000000000018,1537460000.0,71809200000.0,13.529999999999973,633370000.0,31517500000.0,12.799999999999997,890546000.0,2726990000.0,0.014899999999999997,193971000.0,8152540000.0,1.3399999999999999,24137600.0,620679000.0,0.33000000000000007,7212980.0,534242000.0,0.016020000000000034,8192460.0,2435060000.0,0.33999999999999986,22915000.0,815412000.0,14.069999999999993,92742200.0,2057550000.0,3.809999999999995,50649600.0,1928770000.0
109.75999999999931,1511610000.0,72249100000.0,7.069999999999993,514181000.0,31288300000.0,1.8099999999999952,126024000.0,2692560000.0,0.01876200000000003,184121000.0,8368790000.0,0.5100000000000007,13291900.0,594785000.0,0.6299999999999999,9123230.0,528242000.0,0.015918000000000043,7902690.0,2426580000.0,0.4800000000000004,25661900.0,812289000.0,43.08000000000001,301843000.0,1606920000.0,2.8200000000000003,41017800.0,2015360000.0
148.34999999999945,1727970000.0,71595100000.0,10.599999999999966,760329000.0,30727900000.0,2.289999999999999,157619000.0,2639490000.0,0.029161999999999993,504484000.0,8328300000.0,0.3700000000000001,13223700.0,593706000.0,0.5199999999999996,9306450.0,502380000.0,0.029235000000000066,8676560.0,2364060000.0,0.4200000000000017,24205300.0,823620000.0,23.019999999999996,95835700.0,1293030000.0,2.479999999999997,47772200.0,2098230000.0
246.1300000000001,2037750000.0,68363900000.0,10.879999999999995,697665000.0,29904600000.0,3.0900000000000034,391342000.0,2778190000.0,0.07624000000000003,1342360000.0,9676890000.0,0.5099999999999998,14075900.0,583904000.0,0.46999999999999975,3537820.0,463403000.0,0.02170500000000003,10249000.0,2250740000.0,0.4200000000000008,31284200.0,806267000.0,14.420000000000002,70187100.0,1351030000.0,2.8200000000000003,63875500.0,1996230000.0
177.3699999999999,2369820000.0,67553000000.0,9.669999999999959,811990000.0,29691900000.0,8.300000000000004,447188000.0,2456090000.0,0.07766999999999996,1770400000.0,9240380000.0,1.38,35363700.0,558913000.0,0.3799999999999999,2989630.0,449053000.0,0.018587999999999993,8303140.0,2285820000.0,1.08,64455600.0,748515000.0,14.199999999999989,84961900.0,1360920000.0,8.780000000000001,131763000.0,1791670000.0
454.1800000000003,3764240000.0,66051000000.0,29.44999999999999,1336400000.0,30229900000.0,2.4200000000000017,163104000.0,2517440000.0,0.08317600000000003,1450040000.0,7475950000.0,0.8899999999999997,11947300.0,533582000.0,0.9300000000000002,3358640.0,437971000.0,0.023570000000000035,10350500.0,2294690000.0,0.7999999999999998,41423400.0,753880000.0,22.980000000000004,150286000.0,1166240000.0,4.57,68265300.0,1758180000.0
120.54000000000042,2800890000.0,67567100000.0,49.81999999999999,2448970000.0,28285500000.0,3.1300000000000026,207172000.0,2427130000.0,0.05082800000000001,447089000.0,6074040000.0,0.5100000000000007,14688000.0,563415000.0,0.5499999999999998,4064960.0,485218000.0,0.05405099999999999,13775000.0,2446190000.0,1.2599999999999998,71569400.0,830536000.0,42.21,238775000.0,817490000.0,4.130000000000003,85955000.0,1902060000.0
126.40999999999985,2109770000.0,69192700000.0,9.850000000000023,571947000.0,27918100000.0,2.799999999999997,138850000.0,2383680000.0,0.007773000000000002,68542800.0,5926770000.0,0.5300000000000002,13936500.0,557626000.0,0.6299999999999999,4519570.0,442870000.0,0.054649999999999976,13189900.0,2286960000.0,1.67,74687700.0,762542000.0,4.25,15702600.0,834239000.0,2.490000000000002,85862200.0,1981640000.0
272.71000000000004,2975820000.0,68333100000.0,15.490000000000009,860202000.0,27867900000.0,3.299999999999997,155404000.0,2471190000.0,0.010042999999999996,87062100.0,6117890000.0,0.7999999999999998,17616500.0,552835000.0,0.35000000000000053,3801000.0,429611000.0,0.040850000000000025,9197000.0,2181080000.0,1.5099999999999998,70997400.0,718510000.0,11.060000000000002,27038800.0,702398000.0,6.82,168358000.0,1943180000.0
354.73,2941710000.0,71406500000.0,15.45999999999998,936160000.0,28380200000.0,4.269999999999996,293350000.0,2304770000.0,0.014554000000000011,146539000.0,6024470000.0,0.8300000000000001,15643400.0,602570000.0,0.6300000000000008,2588840.0,456631000.0,0.02548600000000001,7653200.0,2196180000.0,2.129999999999999,104224000.0,825591000.0,2.710000000000001,14517200.0,708081000.0,9.839999999999996,209845000.0,2042450000.0
240.98999999999978,2553360000.0,72389100000.0,10.779999999999973,909494000.0,28477500000.0,1.0499999999999972,104020000.0,2318000000.0,0.005092000000000013,56084300.0,6165190000.0,0.6899999999999995,18775000.0,600694000.0,0.4900000000000002,2609230.0,481390000.0,0.021559000000000023,6487950.0,2309620000.0,1.1800000000000015,131488000.0,873548000.0,2.4100000000000037,11176000.0,729528000.0,7.430000000000007,191410000.0,2286130000.0
386.8099999999995,2272040000.0,69342700000.0,18.03000000000003,967643000.0,27249700000.0,2.490000000000002,120765000.0,2275660000.0,0.008639000000000008,107920000.0,6182490000.0,0.6500000000000004,19390300.0,603644000.0,0.3799999999999999,2607640.0,479668000.0,0.025399999999999978,10039900.0,2241880000.0,2.3499999999999996,204580000.0,655537000.0,2.0600000000000023,12423400.0,728672000.0,6.550000000000004,170273000.0,2349050000.0
549.7900000000004,3258050000.0,71425500000.0,21.08000000000004,1051800000.0,28195800000.0,3.5500000000000043,206081000.0,2403520000.0,0.011546,100614000.0,6510400000.0,1.4100000000000001,29168700.0,596646000.0,0.8500000000000005,5107560.0,473033000.0,0.03189799999999998,12637400.0,2306530000.0,0.8899999999999997,67045700.0,682506000.0,4.439999999999998,13651100.0,746257000.0,8.469999999999999,262801000.0,2375010000.0
335.97000000000025,2463090000.0,67112300000.0,10.399999999999977,864391000.0,28008700000.0,1.0799999999999983,114402000.0,2403870000.0,0.014764999999999973,84388300.0,6457680000.0,1.3399999999999999,25360200.0,643558000.0,0.5,5089710.0,483469000.0,0.041131,12505500.0,2311850000.0,1.13,85191300.0,676804000.0,3.1199999999999974,14023000.0,711941000.0,7.230000000000004,343705000.0,2381360000.0
350.59000000000015,3159090000.0,64034100000.0,21.50999999999999,1369370000.0,29161100000.0,3.740000000000002,242565000.0,2441760000.0,0.011522000000000004,110199000.0,6655930000.0,1.17,24769900.0,662468000.0,0.6500000000000004,5823330.0,504705000.0,0.027121000000000006,8310080.0,2496650000.0,2.17,128909000.0,607772000.0,4.689999999999998,19587800.0,737066000.0,17.310000000000002,448654000.0,1843040000.0
336.22000000000025,2219590000.0,60242100000.0,9.660000000000025,1111650000.0,28998700000.0,1.3299999999999983,142065000.0,2466360000.0,0.009357000000000004,65229300.0,6873590000.0,1.3399999999999999,25362400.0,750072000.0,0.6900000000000004,6782250.0,557670000.0,0.025785000000000002,6159860.0,2645690000.0,1.5700000000000003,87590300.0,707779000.0,5.229999999999997,17349200.0,758739000.0,6.919999999999998,177772000.0,1657810000.0
307.5999999999999,2021190000.0,55668000000.0,14.70999999999998,953576000.0,27657000000.0,0.9299999999999997,137644000.0,2431830000.0,0.005003999999999981,54059700.0,6910180000.0,0.7999999999999998,24356200.0,794844000.0,0.6500000000000004,7567900.0,560241000.0,0.020687000000000066,8241000.0,2643420000.0,2.3999999999999995,200287000.0,586021000.0,2.6300000000000026,8534390.0,735446000.0,11.550000000000004,382070000.0,1815780000.0
133.98000000000002,1515110000.0,55134700000.0,16.659999999999968,1076820000.0,27882200000.0,2.009999999999998,121661000.0,2517300000.0,0.00348699999999999,48162800.0,7023380000.0,1.669999999999999,39078900.0,737685000.0,0.47999999999999954,7501860.0,524375000.0,0.020504000000000022,11712700.0,2510120000.0,2.9800000000000004,234693000.0,335183000.0,1.8200000000000003,9147740.0,759514000.0,17.08,360125000.0,1084180000.0
175.09000000000015,1468960000.0,56424900000.0,42.03000000000003,2638580000.0,27938700000.0,3.0700000000000003,253103000.0,2544750000.0,0.012285000000000018,97805400.0,7382220000.0,0.5999999999999996,15452600.0,771777000.0,0.5499999999999998,4960110.0,538244000.0,0.02450399999999997,10081100.0,2468730000.0,0.4200000000000004,24783900.0,355440000.0,3.6000000000000014,11466600.0,774178000.0,4.48,116795000.0,917009000.0
139.01999999999998,1752760000.0,55590300000.0,32.110000000000014,1502410000.0,25254600000.0,3.5799999999999983,205565000.0,2403230000.0,0.01590400000000003,180028000.0,6886620000.0,0.8899999999999997,21843100.0,751997000.0,0.79,6867910.0,564066000.0,0.048151,21374100.0,2534090000.0,0.69,49778700.0,309766000.0,2.710000000000001,12471600.0,750929000.0,3.75,124589000.0,936705000.0
216.78999999999996,1482280000.0,52987300000.0,15.269999999999982,935727000.0,24511000000.0,1.3599999999999994,106560000.0,2364540000.0,0.0042420000000000235,58052100.0,6891020000.0,1.1500000000000004,19820000.0,664642000.0,1.13,7792050.0,518233000.0,0.03873899999999997,23044000.0,2260820000.0,0.6200000000000001,34417900.0,265138000.0,2.969999999999999,12794900.0,710052000.0,5.879999999999999,166514000.0,759959000.0
137.69000000000005,1105030000.0,53720900000.0,18.200000000000017,1482980000.0,24053500000.0,2.1999999999999957,147891000.0,2451490000.0,0.009187999999999974,74161600.0,7108860000.0,0.7400000000000002,12383900.0,701954000.0,1.08,7075590.0,432028000.0,0.026587,5886540.0,2062750000.0,1.0300000000000002,39669900.0,356183000.0,1.8200000000000003,8254240.0,723258000.0,2.7700000000000014,81450800.0,708471000.0
415.1800000000003,1945700000.0,47778200000.0,34.56,1333000000.0,20900000000.0,3.440000000000005,248320000.0,2275090000.0,0.014577000000000007,114270000.0,6666640000.0,0.9100000000000001,22170600.0,650402000.0,0.9200000000000004,4831480.0,367228000.0,0.013519000000000003,7322590.0,2016120000.0,0.9899999999999998,95593700.0,274109000.0,4.310000000000002,12131400.0,672541000.0,4.709999999999999,82680400.0,519506000.0
